list,no,judul,judul_alternatif,genre_terverifikasi,genre_1sumber,tema,tahun_asli,tahun_indo,tipe,status,author,skor_anilist,skor_mangaupdates,skor_mal,sumber,cover_file,sinopsis_id,sinopsis_en
list1,1,The Undefeatable Swordsman,Bulpaegeomseon | Pendekar Tak Terkalahkan | El Espadachín Invencible | 불패검선,"Action, Martial Arts","Adventure, Drama, Fantasy, Shounen","Cultivation, Male Protagonist, Brother/S, Family, Historical, Illness, Korean Ambience, Martial Arts, Murim, Mysterious Benefactor/S",2020,2024,Manhwa,248 Chapters (Complete) + Prologue Side Stories: 60 Chapters (Complete),"Jeokha, John Smith, Kim Chan-Young, Sung Dae-Wung",71,6.71,,AniList+Komiku+MangaUpdates,list1/01-the-undefeatable-swordsman.png,"The Undefeatable Swordsman mengikuti perjalanan seorang pendekar muda yang bertekad menguasai ilmu pedang tertinggi di dunia. Meskipun menghadapi berbagai rintangan dan musuh yang tangguh, semangat dan dedikasinya tidak pernah pudar. Perjalanan ini membawanya melewati medan peperangan dan tantangan batin yang menguji kemampuan serta kebijaksanaannya. Dalam usahanya menjadi pendekar terhebat, ia belajar tentang arti sebenarnya dari kekuatan dan kehormatan. Cerita ini tidak hanya menonjolkan pertarungan epik tetapi juga pengembangan karakter yang mendalam, menjadikan kisahnya bukan hanya tentang duel, tetapi juga perjalanan spiritual dan pengendalian diri.","A weak and sickly boy, Song Woo-moon's condition worsens when he loses his mental capacities, owing to a painting gifted by a sage. He grows up as the 'village idiot', pitied by his own parents. But unbeknownst to everyone, his life is about to change soon, and a new destiny awaits him. When Song Woo-moon turns 20, not only does he have an epiphany, but an undefeatable martial arts power begins to bloom inside the painting. What could all of this mean for Woo-moon? And what strange world awaits him? **Original Webtoon:** [KakaoPage](https://page.kakao.com/content/55152866), [Daum](https://webtoon.kakao.com/content/%EB%B6%88%ED%8C%A8%EA%B2%80%EC%84%A0/1985) **Official Translations:** [English](https://tapas.io/series/the-undefeatable-swordsman/info), [Japanese](https://piccoma.com/web/product/47151)"
list1,2,Sword King,Devil Sword King | Mageomwang | Raja Pedang | Raja Pedang Iblis | ราชันดาบพิชิตมาร,"Action, Fantasy, Martial Arts, Supernatural","Adventure, Comedy, Demons, Drama, Isekai, Magic, Mature, School Life, Shounen, Tragedy","Alternate Reality, Alternate Universe, Character Growth, Death Of Loved One/S, High School Student/S, Korea, Korean/S, Leadership, Male Protagonist, Martial Artist/S",2016,2022,Manhwa,329 Chapters + 1 Side Story (Complete) S1: 104 Chapters (1-104) S2: 111 Chapters (105-215) S3: 114 Chapters (216-329),"FMZ, Na Min-chae, Sogumi",64,6.62,,AniList+Komiku+MangaUpdates,list1/02-sword-king.jpg,"Cerita ini mengikuti petualangan seorang pemuda yang dikenal dengan julukan Raja Pedang, yang memiliki kemampuan luar biasa dalam seni pedang. Dalam perjalanannya, ia menghadapi berbagai musuh dan tantangan yang menguji keahlian dan tekadnya. Selain itu, ia berusaha mengungkap rahasia masa lalunya yang penuh misteri. Dengan keberanian dan kecerdikannya, dia berusaha melindungi orang-orang yang ia cintai serta menegakkan keadilan di dunia yang penuh konflik. Sepanjang kisahnya, Raja Pedang bertemu dengan sekutu baru dan musuh yang kuat, yang setiap interaksinya membentuk jalan hidupnya. Kisah ini juga menyoroti perjuangan batin sang protagonis dalam menerima takdir dan kekuatan yang dimilikinya. Kombinasi aksi yang seru dan pengembangan karakter membuat cerita ini menarik bagi para pembaca dari berbagai kalangan.","A boy lives two lives: a young leader in a magical world and a high-schooler in reality. And he’s determined to live in both! Dive into this action-packed martial art fusion comic! **Original Novel:** [KakaoPage](https://page.kakao.com/content/46638928), [Naver Series](https://series.naver.com/novel/detail.series?productNo=1962713) **Original Webtoon:** [KakaoPage](https://page.kakao.com/content/48206197), [Daum](https://webtoon.kakao.com/content/%EB%A7%88%EA%B2%80%EC%99%95/2304), [Ridibooks](https://ridibooks.com/books/4921001618) **Official Translation:** [English](https://tapas.io/series/devilswordking/info), [Thai](https://th.kakaowebtoon.com/content/%E0%B8%A3%E0%B8%B2%E0%B8%8A%E0%B8%B1%E0%B8%99%E0%B8%94%E0%B8%B2%E0%B8%9A%E0%B8%9E%E0%B8%B4%E0%B8%8A%E0%B8%B4%E0%B8%95%E0%B8%A1%E0%B8%B2%E0%B8%A3/38), [T.Chinese](https://tw.kakaowebtoon.com/content/%E9%AD%94%E5%8A%8D%E7%8E%8B/671)"
list1,3,Peerless Dad,"Abhishek | Abimussang | Abyssinian | Ayah Tangguh | Father, Unrivaled | Matchless | Matchless Dad | Padre inigualable | Bố Vô Song | ท่านพ่อไร้เทียมทาน | 아비무쌍 시즌2","Action, Drama, Fantasy, Adventure, Comedy, Martial Arts, Slice of Life",Seinen,"Male Protagonist, Martial Arts, Age Progression, Baby/Ies, Child/Ren, Cultivation, Death Of Loved One/S, Dumb Protagonist, Family Life, Fatherhood",2017,2022,Manhwa,296 Chapters (Complete) S1: 50 Chapters + Special S2: 246 Chapters *Special is in CH.50*,"LEE Hyun-Seok, NOH Kyung-chan, Tang Jia San Shao",78,8.24,,AniList+Komiku+MangaUpdates,list1/03-peerless-dad.png,"Peerless Dad mengikuti kisah seorang ayah yang memiliki kemampuan luar biasa dalam melindungi keluarganya. Setelah kehilangan bekerjaannya, ia berjuang untuk menjaga anak-anaknya tetap aman dan bahagia di tengah dunia yang penuh bahaya dan ketidakpastian. Dengan kecerdasan dan kekuatan yang dimilikinya, ia menghadapi berbagai ancaman yang datang tanpa henti, membuktikan bahwa kasih sayang seorang ayah tidak ada tandingannya. Dalam perjalanannya, dia tidak hanya melawan musuh fisik tetapi juga menghadapi tantangan emosional dan sosial. Cerita ini menyajikan perpaduan antara aksi yang menegangkan dengan momen-momen hangat dalam kehidupan keluarga, menunjukkan betapa pentingnya dedikasi dan keberanian dalam menjalani peran sebagai ayah di zaman sekarang.","Gajang Noh is a strong, dedicated, and humble man, with much respect for the martial arts. After the death of his lovely wife, this muscle-for-hire just wants an easy job that allows him to be a good father to his three little babies. He's even happy to pull guard duty and fend off amateur fighters if it means he can return home safely each night. But when a creepy cult starts stealing children from the city, Gajang must step up to the challenge and discover his true warrior potential. **Original Webtoon:** [Daum](https://webtoon.kakao.com/content/%EC%95%84%EB%B9%84%EB%AC%B4%EC%8C%8D/1395) Kakaopage: [1-240](https://page.kakao.com/content/52226628), [241-296 (Complete)](https://page.kakao.com/content/59925132) **Official Translations:** [English](https://tapas.io/series/father-unrivaled/info), [S.Chinese](https://pdt.tencentac.com/?adtag=appshare.ios.detail%26QQ%26491&contentId=491&platform=IA), [Thai](https://th.kakaowebtoon.com/content/%E0%B8%97%E0%B9%88%E0%B8%B2%E0%B8%99%E0%B8%9E%E0%B9%88%E0%B8%AD%E0%B9%84%E0%B8%A3%E0%B9%89%E0%B9%80%E0%B8%97%E0%B8%B5%E0%B8%A2%E0%B8%A1%E0%B8%97%E0%B8%B2%E0%B8%99/132)"
list1,4,MookHyang – Dark Lady,Dark Lady | El Demonio Desenmascarado invicto | Muk-Hyang Dark Lady | Mukhyang | MukHyang - Dark Lady | Huyền thoại Muk Hyang | Мукхян - Дарк Леди,"Action, Adventure, Fantasy, Gender Bender, Mecha, Shounen","Drama, Ecchi, Isekai, Martial Arts","Isekai, Magic, Arrogant Female Lead, Artifact/S, Bandit/S, Based On A Novel, Conspiracy/Ies, Cultivation, Dragons, Fantasy World",2019,2019,Manhwa,293 Chapters (Ongoing) S1-2: 1\~123 (123 Chapters) S3: 124\~167 (44 Chapters) S4: 168\~209 (42 Chapters) S5: 210\~246 (37 Chapters) S6: 247\~283 (37 Chapters) S7: 284\~ (Ongoing),"JEON Dongjo, JEON Dongjo , LEE Jae-Heon, KUKIT, LEE Jae-Heon",74,6.9,,AniList+BacaKomik+MangaUpdates,list1/04-mookhyang-dark-lady.jpg,"Seniman bela diri yang luar biasa dan hierarki yang bangga dari Sekte Iblis, Mookhyang, berakhir di dunia fantasi baru yang aneh setelah menjadi korban kutukan musuh-musuhnya, Sekte Darah. Tapi ketika kendali luar biasa Mookhyang atas qi, atau mana, diketahui, hanya masalah waktu sebelum dia dikutuk lagi… dan berubah menjadi seorang wanita muda?! Di dunia elf, penyihir, ksatria, dan naga ini, akankah penguasaan seni bela diri Tiongkok cukup bagi satu pria (atau wanita) untuk berjuang pulang ke rumah? Atau akankah pejuang yang rendah hati ini akhirnya mengakui kekalahannya?","From [Tappytoon](/group/9a2d3sg/tappytoon): The exceptional martial artist and proud hierarch of the Demonic Sect, Mookhyang, winds up in a strange new fantasy realm after falling victim to a curse cast by his enemies, the Blood Sect. But when Mookhyang’s incredible control over qi, or mana, becomes known, it’s only a matter of time before he gets cursed again… and turned into a young lady?! In this world of elves, mages, knights, and dragons, will a mastery of Chinese martial arts be enough for one man (or woman) to fight his way back home? Or will this humbled warrior finally concede defeat? Based on the second half of the novel. [Original Novel](https://page.kakao.com/content/46288050) **Original Webtoon:** [KakaoPage](https://page.kakao.com/content/53216022), [Daum](https://webtoon.kakao.com/content/%EB%AC%B5%ED%96%A5-%EB%8B%A4%ED%81%AC%EB%A0%88%EC%9D%B4%EB%94%94/2341) **Official Translations:** [English](https://www.tappytoon.com/en/book/mookhyang-dark-lady), [S.Chinese](https://manga.bilibili.com/detail/mc28581), [Japanese](https://jp.piccoma.com/web/product/31401), [Thai](https://th.kakaowebtoon.com/content/%E0%B8%A1%E0%B8%B8%E0%B8%81%E0%B8%AE%E0%B8%A2%E0%B8%B2%E0%B8%87_%E0%B8%94%E0%B8%B2%E0%B8%A3%E0%B9%8C%E0%B8%81%E0%B9%80%E0%B8%A5%E0%B8%94%E0%B8%B5%E0%B9%89/99), [T.Chinese](https://tw.kakaowebtoon.com/content/%E5%A2%A8%E5%8A%8D%E7%95%99%E9%A6%99/59), [French](https://www.tappytoon.com/fr/book/mookhyang-dark-lady-fr), [German](https://www.tappytoon.com/de/book/mookhyang-dark-lady-de), [Spanish](https://www.pentacomix.com/webtoons/18-mukhyang-dark-lady)"
list1,5,Volcanic Age,Hwasanjeonsaeng | Mount Hua Reincarnation | The Regressor of Mount Hua | Usia Vulkanik | Ma vie antérieure au mont Hua | 废柴重生之我要当大佬,"Action, Adventure, Fantasy, Martial Arts, Shounen",,"Cultivation, Male Protagonist, Martial Arts, Reincarnation, Age Regression, Based On A Novel, Character Growth, Dense Character/S, Disciple/S, Harem Subtext",2017,2024,Manhwa,300 Chapters + Side Story (Complete) S1: 73 Chapters (1\~73) S2: 58 Chapters (74\~131) S3: 58 Chapters (132\~189) S4: 51 Chapters (190\~240) S5: 60 Chapters (241\~300) Side Story: 3 Chapters (301\~303,"Jeong Jun, Jin Su-Won, Tomassi",73,7.68,,AniList+Komiku+MangaUpdates,list1/05-volcanic-age.jpg,"Volcanic Age mengikuti kisah seorang pria yang mendapatkan kesempatan kedua untuk menjalani hidupnya setelah terjebak dalam periode waktu yang penuh konflik dan kekacauan. Setelah menyadari potensi dirinya, dia bertekad untuk mengubah nasib serta melindungi orang-orang yang penting baginya dengan kemampuan dan pengetahuan dari kehidupannya sebelumnya. Dalam perjalanan ini, ia menghadapi berbagai tantangan, rival, dan ancaman yang menguji tekad serta moralitasnya. Cerita menggambarkan transformasi protagonis dari sosok yang biasa menjadi pahlawan yang tangguh dan bijaksana. Dengan latar dunia yang sarat dengan intrik dan peperangan, kisah ini juga menampilkan cerita sampingan tentang persahabatan, pengkhianatan, dan pertumbuhan diri yang membuat pembaca terus terpikat pada setiap babnya.","Ju Seo Cheon, a man who survives the age of war through sheer luck and becomes the elder of the Hwasan faction, only to live a life full of regrets and doubts. As he lies on his death bed, waiting for the inevitable, he is returned to the past... **Original Webtoon:** [KakaoPage](https://page.kakao.com/content/50289296), [Daum](https://webtoon.kakao.com/content/%ED%99%94%EC%82%B0%EC%A0%84%EC%83%9D/2315) **Official Translations:** [Japanese](https://jp.piccoma.com/web/product/15055)"
list1,6,Memoir Of The King Of War,Die Legende von Sayu | Jeonwang Electric | Jeonwangjeongi | La leggenda di Sayu | Legend of Sayu | Lenda de Sayu | Memoar Raja Perang | Memoir of the God of War | Memoir of the War King | Memorias del Rey de la Guerra | Chiến Vương Truyền Ký | Mémoires du maître guerrier | Мемуары Бога Войны,"Action, Adventure, Martial Arts","Drama, Fantasy, Historical, Shounen","Male Protagonist, Calm Male Lead, Calm Protagonist, Dead Friend/S, Easygoing Male Lead, Martial Arts, Murim, Overpowered, Overpowered Male Lead, Overpowered Protagonist",2021,2025,Manhwa,255 Chapters (Complete) **S1**: 135 Chapters (1\~135) **S2**: 55 Chapters (136\~190) **S3**: 65 Chapters (191\~255) ,"At.Kenny, Fitz, Woo-Gak",75,7.17,,AniList+Komiku+MangaUpdates,list1/06-memoir-of-the-king-of-war.jpg,"Komik ini mengikuti kisah seorang pria yang dulunya adalah raja perang yang legendaris di sebuah dunia yang penuh konflik dan intrik. Setelah bertahun-tahun berperang, ia memutuskan untuk pensiun dan menulis memoar tentang pengalamannya di medan perang serta kisah-kisah hidup yang membentuk dirinya. Sepanjang perjalanan menulis, ia menghadapi berbagai tantangan dari masa lalu dan musuh lama yang masih mengintai. Di sisi lain, memoar tersebut tidak hanya berisi cerita peperangan, tetapi juga menggambarkan sisi kemanusiaannya yang jarang terlihat oleh orang banyak. Komik ini mengajak pembaca untuk menelusuri bagaimana seorang raja perang berjuang mempertahankan harga diri, menghadapi pengkhianatan, dan menemukan arti sebenarnya dari kekuatan dan kedamaian.","Sayu was an orphan living amongst people who hate him. But when he loses the two people he had left... He is ready to go through hell for revenge. **Original Novel:** [KakaoPage](https://page.kakao.com/content/46735881), [Naver Series](https://series.naver.com/novel/detail.series?productNo=3614731), [Ridibooks](https://ridibooks.com/books/1811125652), [Onestory](https://onestory.co.kr/detail/H034453471) **Original Webtoon:** [MrBlue](https://www.mrblue.com/webtoon/wt_000047611), [KakaoPage](https://page.kakao.com/content/56979725), [Daum](https://webtoon.kakao.com/content/%EC%A0%84%EC%99%95%EC%A0%84%EA%B8%B0/3709) **Official Translations:** [English](https://toomics.com/en/webtoon/episode/toon/8311), [Japanese](https://jp.piccoma.com/web/product/80868), [Spanish](https://www.pentacomix.com/webtoons/23-memorias-del-rey-de-la-guerra), [S.Chinese](https://toomics.com/sc/webtoon/episode/toon/8343), [Italian](https://toomics.com/it/webtoon/episode/toon/8343), [B.Portuguese](https://toomics.com/por/webtoon/episode/toon/8343), [German](https://toomics.com/de/webtoon/episode/toon/8343)"
list1,7,Doctor’s Rebirth,"Doctor, Live Again | El renacimiento de un Doctor | Kebangkitan Sang Dokter | The Doctor Lives Again | Uiwon, Dasi Salda | 医員、蘇る","Action, Fantasy, Martial Arts","Drama, Isekai, Shounen","Male Protagonist, Anthropomorphism, Appearance Different From Actual Age, Apprentice/S, Assassin/S, Assassination Attempt/S, Bishounen, Bl Subtext, Coming Of Age, Cultivation",2021,2020,Manhwa,237 Chapters (Ongoing): S1: 65 Chapters (01\~65) S2: 28 Chapters (66\~93) S3: 26 Chapters (94\~119) S4: 33 Chapters (120\~152) S5: 43 Chapters (153\~196) S6: 41 Chapters (197\~237)\ S7: TBA,"Dobin, Lee Kang Hyun, Tae Sun",74,7.51,,AniList+Komiku+MangaUpdates,list1/07-doctors-rebirth.jpg,"Doctor's Rebirth mengikuti perjalanan seorang dokter brilian yang kehilangan segalanya akibat sebuah insiden tragis. Setelah mengalami masa sulit, ia bertekad untuk membangun kembali karir dan kehidupannya sambil menghadapi berbagai tantangan medis dan pribadi. Dalam perjalanan tersebut, sang dokter menemukan kembali semangat dan tujuan hidupnya melalui hubungan dengan pasien dan rekan kerja yang menginspirasi. Cerita ini menggambarkan perjuangan, harapan, dan transformasi diri yang kuat di dunia medis yang penuh tekanan.","A medical mission turns fatal as Dr. Jin’s life slips away. Miraculously, he wakes on a battlefield. Instinct takes over. He tends to patients before realizing that this is the martial arts world of The Reigning Heavenly Demon! He’s reincarnated as a child with mastery of modern medicine and soon his skills draw notice. From the renowned White-scaled Doctor to the infamous Gongson Family, everyone sees his potential. But how much is Dr. Jin willing to sacrifice before risking death again? **Original Novel:** [KakaoPage](https://page.kakao.com/content/55806263). *Translations: [Japanese](https://jp.piccoma.com/web/product/186819) **Original Webtoon:** [KakaoPage](https://page.kakao.com/content/55989064), [Daum](https://webtoon.kakao.com/content/%EC%9D%98%EC%9B%90-%EB%8B%A4%EC%8B%9C-%EC%82%B4%EB%8B%A4/2440) **Official Translations:** [English](https://tapas.io/series/doctor-live-again/info), [Japanese](https://jp.piccoma.com/web/product/66743), [T.Chinese](https://www.webtoons.com/zh-hant/martial-arts/doctor-live-again/list?title_no=8534)"
list1,8,My Dad Is Too Strong,Appaga Nomu Kangham | Ayahku Terlalu Kuat | Daddy Is Too Strong | 我爸太强了！,"Action, Fantasy","Adventure, Comedy, Isekai, Slice of Life","Adoption, Amnesia, Appearance Different From Actual Age, Based On A Novel, Calm Protagonist, Capable Male Lead, Capable Protagonist, Character/S Trying To Live A Normal Life, Childcare, Contract/S",2020,2024,Manhwa,237 Chapters (Complete) **S1** : 52 Chapters (1\~52) **S2** : 48 Chapters (53\~100) **S3** : 50 Chapters (101\~150) **S4** : 50 Chapters (151\~200) **S5** : 37 Chapters (201\~237),"DUBU (REDICE STUDIO), GaebyeokS, Modain",71,7.17,,AniList+Komiku+MangaUpdates,list1/08-my-dad-is-too-strong.jpg,"Cerita ini berkisah tentang seorang ayah yang memiliki kekuatan luar biasa, membuatnya mampu menghadapi berbagai rintangan demi melindungi keluarganya. Meski kekuatannya luar biasa, ia tetap menunjukkan kasih sayang dan perhatian yang mendalam kepada anaknya, yang terkadang merasa cemas dengan kemampuan ayahnya yang unik. Seiring berjalannya waktu, hubungan antara ayah dan anak semakin erat. Mereka belajar untuk saling memahami dan menghargai perbedaan satu sama lain, sekaligus menghadapi bahaya yang mengancam. Komik ini menggabungkan aksi seru dengan nilai-nilai keluarga yang hangat dan penuh inspirasi.","A scatterbrained, talentless civil servant returned as the heavenly Demon. He now wished to live the rest of his life peacefully, as his days in the Murim world were full of conflict and bloodshed. However. ""Please be my father until I graduate."" He suddenly gained a daughter out of nowhere. **Original Webtoon:** [KakaoPage](https://page.kakao.com/content/55291149), [Daum](https://webtoon.kakao.com/content/%EC%95%84%EB%B9%A0%EA%B0%80-%EB%84%88%EB%AC%B4-%EA%B0%95%ED%95%A8/2402) **Official Translations:** S.Chinese: [AC.QQ](https://ac.qq.com/Comic/comicInfo/id/655487), [BiliBili](https://manga.bilibili.com/detail/mc34220), [KuaiKan](https://www.kuaikanmanhua.com/web/topic/9259/)"
list1,9,Tale of a Scribe Who Retires to the Countryside,Kisah Si Juru Tulis yang Pensiun ke Pedesaan | Nakhyangmun Dictionary | Nakyangmunsajeon | Tales of the Martial Scribe | 落郷文士伝,"Action, Adventure","Fantasy, Harem, Martial Arts, Shounen","Arrogant Character/S, Biography / Autobiography, Chinese Ambience, Female Harem, Harem Subtext, Male Protagonist, Martial Artist/S, Martial Arts, Philosophy, Primarily Adult Cast",2020,2023,Manhwa,235 Chapters + Prologue (Complete / Axed) S1: 63 Chapters (Complete) S2: 172 Chapters (Complete) ,"Barking Dog, CHOI Hyun-woo, Gogi Sanjeok, Penguin, Team Pegasus",71,7.12,,AniList+Komiku+MangaUpdates,list1/09-tale-of-a-scribe-who-retires-to-the-countryside.jpg,"Komik ini mengisahkan seorang juru tulis yang memutuskan untuk meninggalkan kehidupan kota yang padat dan penuh tekanan guna mencari ketenangan di pedesaan. Ia berharap dapat menikmati kehidupan sederhana dan memulai babak baru yang lebih damai. Namun, di desa ia menghadapi berbagai tantangan yang menguji kesabaran dan kemampuan adaptasinya. Selama tinggal di pedesaan, sang juru tulis bertemu dengan penduduk lokal dan belajar banyak tentang kehidupan serta nilai-nilai yang berbeda dari yang ia kenal sebelumnya. Perjalanan ini membuatnya menemukan makna baru tentang kebahagiaan dan arti sebuah perjuangan dalam hidup yang penuh perubahan.","A scholar who failed the national exams is picked up by a martial arts master and given the task to record his life into a book. Through their journey, Son Bin meets many great people and soon finds himself following the same path as the master, as the Martial Arts King. **Original Novel:** [Naver Novel](http://novel.naver.com/webnovel/list.nhn?novelId=113897), [Naver Series](https://series.naver.com/novel/detail.nhn?productNo=1149967) **Original Webtoon:** [Naver Webtoon](https://comic.naver.com/webtoon/list.nhn?titleId=746534), [Naver Series](https://series.naver.com/comic/detail.series?productNo=5108546) **Official Translations:** [Thai](https://www.webtoons.com/th/fantasy/tales-of-the-martial-scribe/list?title_no=5909), [T.Chinese](https://www.webtoons.com/zh-hant/action/luoxiang/list?title_no=3657), [Indonesian](https://www.webtoons.com/id/fantasy/tales-of-the-martial-scribe/list?title_no=5945), [Japanese](https://manga.line.me/product/periodic?id=Z0001425)"
list1,10,Gosu,Gosu (The Master) | Gosu: Jalan Pendekar | Великий майстер,"Action, Adventure, Comedy, Historical, Martial Arts, Shounen",Supernatural,"Martial Arts, Revenge, Assassins, Betrayal, Classic Literature, Comedic Undertone, Crossover, Episodic, Fat Male Lead, Ghost",2015,2023,Manhwa,231 Chapters + Prologue (Complete) Season 1: 86 Chapters (Complete) Season 2: 145 Chapters (Complete) 16 Volumes (Complete),"MOON Jung-Hoo, RYU Ki-Woon, Rhys Choi",78,8.24,,AniList+Komiku+MangaUpdates,list1/10-gosu.jpg,"Gosu mengisahkan tentang perjalanan seorang pendekar muda bernama Gang Ryong yang bertekad menguasai ilmu bela diri tertinggi untuk membalas dendam atas kematian gurunya. Meskipun kemampuan fisiknya luar biasa, Gang Ryong menghadapi berbagai rintangan dan musuh kuat yang menguji tekad serta moralnya dalam dunia persilatan yang kejam. Di tengah perjuangannya, Gang Ryong juga menemukan arti persahabatan dan keadilan sejati. Cerita ini tidak hanya menonjolkan aksi dan pertarungan seru, tetapi juga perkembangan karakter yang dalam serta nilai-nilai kehidupan yang menginspirasi para pembaca muda dan dewasa.","When his master dies, Gang Yong pledges to avenge his teacher at all costs. After training his martial arts skills in seclusion, Gang Yong sets off to hunt down the traitors and make them pay! But when he gets to town, he discovers they're... already dead? Well, what's he supposed to do now?! **Original Webtoon:** [Naver Webtoon](https://comic.naver.com/webtoon/list?titleId=662774), [Naver Series](https://series.naver.com/comic/detail.series?productNo=1940031) **Official Translations:** [English](https://www.webtoons.com/en/action/gosu/list?title_no=1099), [Japanese](https://manga.line.me/product/periodic?id=Z0000412), [S.Chinese](https://dongmanmanhua.cn/BOY/gaoshou/list?title_no=764), [T.Chinese](https://www.webtoons.com/zh-hant/action/gaoshou/list?title_no=759)"
list1,11,The Lord’s Coins Aren’t Decreasing?!,Grenzenloser Reichtum | Koin Tuhan Tidak Pernah Berkurang | Lordun Parası Azalmaz Mı? | À jamais Riche ! | Насколько же богат этот граф?!,Martial Arts,"Action, Adventure, Fantasy, Isekai, Psychological, Shounen, Slice of Life","Based On A Novel, Cheat Skill/S, Disguise/S, European Ambience, Father-Son Relationship, Hidden Power/S, Knight/S, Level System, Maid/S, Male Protagonist",2021,2025,Manhwa,217 Chapters (Ongoing) **S1** : 44 Chapters (1\~44) **S2** : 40 Chapters (45\~84) **S3** : 31 Chapters (85\~115) **S4** : 102 Chapters (116\~) ,"Chaebi, HONG Dae Eui, Mokhyeon, Teurubereu",,6.81,,Komiku+MangaUpdates,list1/11-the-lords-coins-arent-decreasing.jpg,"Cerita ini mengikuti seorang pria yang secara misterius mendapatkan kemampuan untuk mengakses 'koin Tuhan', sebuah sumber kekayaan yang tidak pernah habis. Dengan kekuatan tersebut, ia berusaha mengubah hidupnya yang biasa menjadi luar biasa, menghadapi berbagai tantangan dan intrik di dunia yang penuh ketidakpastian. Namun, memiliki kekuatan besar juga membawa tanggung jawab besar. Sang protagonis harus belajar mengendalikan kekuatan tersebut tanpa kehilangan jati dirinya, sambil menjalin hubungan dengan orang-orang di sekitarnya yang memiliki niat baik maupun jahat.","Aaron Steelegard's fortune was basically set as he discovered a book that allowed him to trade across dimensions—until his enemies take both his life and his riches away. But Aaron is brought back as his younger self, armed with his past knowledge and a chance at revenge! Now free to amass coins, he's gaining powerful abilities and moving up the ranks of the interdimensional trading markets. Will Aaron gain enough coins to survive this journey of vengeance and reclaim his honor? [Original Novel](https://page.kakao.com/content/54180580) **Original Webtoon:** [KakaoPage](https://page.kakao.com/content/56998709), [Daum](https://webtoon.kakao.com/content/%EC%98%81%EC%A3%BC%EB%8B%98%EC%9D%98-%EC%BD%94%EC%9D%B8%EC%9D%B4-%EC%A4%84%EC%A7%80-%EC%95%8A%EC%9D%8C/2513) **Official Translations:** [English](https://tapas.io/series/the-lord-of-coins/info), [S.Chinese](https://www.kuaikanmanhua.com/web/topic/9788/), [T.Chinese](https://tw.kakaowebtoon.com/content/%E9%A0%98%E4%B8%BB%E5%A4%A7%E4%BA%BA%E7%9A%84%E6%AC%A1%E5%85%83%E4%BA%A4%E6%98%93%E6%88%B0/195), [German](https://www.lezhinde.com/detail/dad_2000180), [Japanese](https://jp.piccoma.com/web/product/69186), [Thai](https://th.kakaowebtoon.com/content/%E0%B8%84%E0%B8%AD%E0%B8%A2%E0%B8%99%E0%B9%8C%E0%B9%80%E0%B8%88%E0%B9%89%E0%B8%B2%E0%B9%80%E0%B8%A1%E0%B8%B7%E0%B8%AD%E0%B8%87%E0%B9%84%E0%B8%A1%E0%B9%88%E0%B8%A5%E0%B8%94%E0%B8%A5%E0%B8%87%E0%B9%80%E0%B8%A5%E0%B8%A2/177), [French]( )"
list1,12,Records Of The Swordsman Scholar,Catatan Sang Sarjana Pendekar | Haksageomjeon | Legends of the Swordsman Scholar | Học Giả Kiếm Sĩ | 학사검전,"Action, Fantasy, Drama, Martial Arts, Shounen","Adventure, Historical","Helpful Male Lead, Helpful Protagonist, Historical, Honest Protagonist, Male Protagonist, Martial Arts, Politics, Primarily Adult Cast, Swordplay, Writing",2022,2024,Manhwa,200 Chapters (Ongoing),"Choi Hyun-woo, Jehaeng Musang, Park Seong-woo, Shin Young-sook",69,6.81,,AniList+Komiku+MangaUpdates,list1/12-records-of-the-swordsman-scholar.jpg,"Cerita ini mengikuti perjalanan seorang sarjana muda yang memiliki keinginan kuat untuk menguasai ilmu pedang. Dalam usahanya mengasah kemampuan, ia menghadapi berbagai tantangan mulai dari persaingan antar pendekar hingga konflik internal yang menguji tekad dan kemampuannya. Di tengah dunia penuh intrik dan kekuatan misterius, ia berusaha menemukan jati dirinya sekaligus melindungi orang-orang yang ia cintai. Seiring waktu, sang sarjana semakin mendalami seni pedang dan ilmu kebijaksanaan, mengungkap rahasia masa lalu yang tersembunyi. Dengan bantuan teman-teman setia dan pengalaman pertarungan yang berat, ia terus maju menghadapi musuh dan bahaya yang mengancam kedamaian. Perjalanan ini bukan hanya soal kekuatan fisik tetapi juga pembelajaran tentang pengorbanan dan nilai sejati seorang pendekar sejati.","Scholar Woon Hyun enters the palace after passing the Imperial Examination. Though he soon comes to lament his poor and miserable life of having to deal with the Crown Prince’s hobbies, Despite that, he doesn’t give up and tries his best to learn martial arts. But Woon Hyun suddenly picks up his brush to conquer the Murim?! The hidden story of the scholar who passed the Imperial Examination at a young age begins. [Original Web Novel](https://page.kakao.com/content/46595310) **Original Webtoon:** [KakaoPage](https://page.kakao.com/content/59528467), [Daum](https://webtoon.kakao.com/content/%ED%95%99%EC%82%AC%EA%B2%80%EC%A0%84/2895) **Official Translations:** [Japanese](https://jp.piccoma.com/web/product/109581), [S.Chinese](https://manga.bilibili.com/detail/mc37726)"
list1,13,Escort Warrior,Bodyguard Warrior | Guerrero de escolta | Howimusa | Jang Family's Escort Warrior | Prajurit Pengawal | Warrior Guard | 호위무사,"Action, Historical","Adventure, Drama, Martial Arts, Military, Shounen","Adult Male Lead, Beautiful Female Lead, Bombs, Calm Male Lead, Dead Friend/S, Escort/S, Hidden Past, Male Protagonist, Martial Artist/S, Mature Male Lead",2021,2024,Manhwa,255 Chapters (Complete),"CHO Hyung-Keun, KIM Inho, Seo Won",,7.27,,AniList+Komiku+MangaUpdates,list1/13-escort-warrior.jpg,"Escort Warrior mengisahkan perjalanan seorang prajurit yang memiliki misi khusus sebagai pengawal yang sangat handal. Dalam dunia yang penuh bahaya dan konspirasi, dia harus melindungi orang-orang penting sambil menghadapi berbagai ancaman yang menguji keberanian dan keterampilannya. Kisah ini menyajikan perjuangan heroik dengan sentuhan strategi serta pertarungan yang menegangkan. Selama menjalankan tugasnya, prajurit ini belajar tentang nilai kepercayaan dan pengorbanan yang mendalam. Berinteraksi dengan berbagai karakter dan situasi yang menantang, ia tumbuh menjadi sosok yang lebih bijaksana dan kuat, membuktikan bahwa pengawalan bukan hanya soal kekuatan tapi juga kecerdasan dan keteguhan hati.","You called me. A person like me 'Brightness of Hermit'. Become an escort! **Original Novel:** Chapters: [Naver Novel](https://novel.naver.com/webnovel/list?novelId=333315), [Naver Series](https://series.naver.com/novel/detail.series?productNo=1655878) Volumes: [Naver Series](https://series.naver.com/novel/detail.series?productNo=9975849) **Original Webtoon:** Chapters: [Naver Webtoon](https://comic.naver.com/webtoon/list.nhn?titleId=728750), [Naver Series](https://series.naver.com/comic/detail.series?productNo=4163463) Volumes: [Naver Series](https://series.naver.com/comic/detail.series?productNo=10724408) **Official Translations:** [T.Chinese](https://www.webtoons.com/zh-hant/action/jangfamily/list?title_no=2879), [S.Chinese](https://www.dongmanmanhua.cn/BOY/jinpaihuwei/list?title_no=1528), [Japanese](https://manga.line.me/product/periodic?id=Z0001257), [Thai](https://www.webtoons.com/th/fantasy/jang-family/list?title_no=2435)"
list1,14,The Heavenly Demon Can’t Live a Normal Life,Cheonmaneun Pyeongbeomhage Sal Su Eopda | Descended from Divinity | Dewa Langit Tidak Bisa Hidup Normal | El demonio celestial no puede llevar una vida normal | The Reincarnation of the Dark Master | O Demônio Celestial não pode viver uma Vida Normal | 천마는 평범하게 살 수 없다,"Action, Fantasy","Drama, Shounen","Cultivation, Isekai, Abusive Authority Figure/S, Abusive Family Member/S, Abusive Father, Alternate Universe, Based On A Novel, Blacksmith/S, Bloodlust, Brother/S",2021,2021,Manhwa,209 Chapters (Hiatus) S1: 70 Chapters (1-70) S2: 47 Chapters (71-117) S3: 47 Chapters (118-164) S4: 45 Chapters (165-209)\ S5: TBA ,"Altoran, IronTiger, Ju Sang-Sook, San Cheon, Upu, ZAINO",77,7.77,,AniList+Komiku+MangaUpdates,list1/14-the-heavenly-demon-cant-live-a-normal-life.jpg,"Cerita ini mengikuti perjalanan seorang iblis surga yang dikenal dengan kekuatan dahsyatnya, namun ia berusaha menjalani kehidupan yang biasa dan tenang jauh dari konflik dan pertarungan. Namun, sifatnya yang kuat dan tak terkalahkan membuatnya sulit untuk lepas dari dunia pertempuran dan intrik yang selalu mengelilinginya. Meski ia menghindari kekacauan, musuh dan sekutu sama-sama menariknya kembali ke medan perang, memaksanya untuk menggabungkan kekuatan luar biasanya dengan keinginan hidup normal. Kisah ini mengangkat tema soal perjuangan pribadi dalam mencapai kedamaian di tengah tekanan dunia yang penuh bahaya dan kepentingan politik.","“Is this a mission I was sent on by the gods? Or is this just divine punishment?” Junghyeok Baek, Divine Demon Overlord of Murim, finds that he’s been reincarnated into the body of Roman Dimitri, the dim-witted son of a baron who’s obsessed with the luxuries of the aristocratic lifestyle. But with his new status, Jung-hyeok is ready to shake things up on the continent of Salamander. Will the divine demon accomplish what he’s set out to do? And will he finally get the answers to this mysterious reincarnation? **Original Webtoon:** [Naver Webtoon](https://comic.naver.com/webtoon/list?titleId=774358), [Naver Series](https://series.naver.com/comic/detail.nhn?productNo=6278549) **Official Translations:** English: [LINE](https://www.webtoons.com/en/fantasy/descended-from-divinity/list?title_no=3450), [TappyToon](https://www.tappytoon.com/en/book/descended-from-divinity) Other: [S.Chinese](https://www.dongmanmanhua.cn/FANTASY/tianmodebufanchongsheng/list?title_no=1809), [French](https://www.webtoons.com/fr/action/descended-from-divinity/list?title_no=4963), [Indonesian](https://www.webtoons.com/id/fantasy/descended-from-divinity/list?title_no=6571), [Japanese](https://manga.line.me/product/periodic?id=Z0001629), [Thai](https://www.webtoons.com/th/fantasy/descended-from-divinity/list?title_no=6114)"
list1,15,Seoul Station Druid,Djinn Stasiun Seoul | Seoul-yeok Druid | The Druid of Seoul Station | ดรูอิดแห่งสถานีโซล,"Fantasy, Action","Adventure, Martial Arts, Sci-Fi, Shounen, Supernatural","Male Protagonist, 21St Century, Age Regression, Dungeon/S, Game Elements, Isekai, Korean Society, Level System, Monster/S, Overpowered Male Lead",2021,2021,Manhwa,207 Chapters (Complete),"JIN Seol-woo, Kim Gyu-sok, MUN Sung-ho, liveBear",67,6.72,,AniList+Komiku+MangaUpdates,list1/15-seoul-station-druid.jpg,"Di tengah kesibukan ibu kota Korea Selatan, tepatnya di Stasiun Seoul, berbagai kejadian misterius mulai terjadi. Seorang druid muda yang memiliki kemampuan unik tiba di kota, berusaha mengungkap kegelapan yang mengancam ketenangan masyarakat sekitar. Dengan kekuatan alami dan pengetahuan kuno, ia menghadapi berbagai tantangan dan ancaman supernatural yang tersembunyi di balik hiruk-pikuk urban. Sementara itu, konflik antara manusia biasa dan makhluk gaib semakin memanas, memaksa druid tersebut untuk mengambil keputusan penting demi menyelamatkan banyak nyawa. Perjalanan ini membawanya menelusuri rahasia terdalam kota besar sekaligus menggali akar kekuatannya sendiri. Keberanian dan kebijaksanaan pun diuji dalam pertarungan melawan kekuatan gelap yang ingin menguasai Stasiun Seoul dan sekitarnya.","What started out as an ordinary day turned upside down when an unknown catastrophe struck Earth, transporting Suho Park to a different planet. He eventually learns how to adapt and fight for his survival in this foreign world, but one day, just as suddenly as he was sucked into this new planet, Suho is pulled back to Earth. He quickly learns that return to life as he remembers it is no longer possible, as Earth is in constant battle with monsters who’ve managed to infiltrate the planet. How will Suho fight against the monsters attacking Earth, and will he be able to survive this time with his current skills? **Original Webtoon:** [Naver Webtoon](https://comic.naver.com/webtoon/list.nhn?titleId=773476), [Naver Series](https://series.naver.com/comic/detail.nhn?productNo=6261200) **Official Translation:** [English](https://www.webtoons.com/en/action/the-druid-of-seoul-station/list?title_no=3453), [S.Chinese](https://www.dongmanmanhua.cn/BOY/guilaideyishijiewangzhe/list?title_no=1771), [T.Chinese](https://www.webtoons.com/zh-hant/fantasy/deluyide/list?title_no=3321), [Thai](https://www.webtoons.com/th/fantasy/seoul-station-druid/list?title_no=3301), [Indonesian](https://www.webtoons.com/id/fantasy/druid-seoul-station/list?title_no=3367), [French](https://www.webtoons.com/fr/fantasy/druid-seoul-station/list?title_no=3586), [German](https://www.webtoons.com/de/action/the-druid-of-seoul-station/list?title_no=3642), [Japanese](https://manga.line.me/product/periodic?id=Z0001631&t=1657211566112), [Ukrainian](https://nashaidea.com/product/druid-zi-stantsii-seul-tom-1/)"
list1,16,Ha Buk Paeng’s Youngest Son,Anak Bungsu Ha Buk Paeng | Habuk Paenga's Youngest Son | Revenge of Young Master Peng | Venganza del Maestro Peng | Младший сын семьи Пэн из Хэбэя,"Action, Adventure, Martial Arts","Drama, Fantasy, Historical, Shounen, Tragedy","Arrogant Character/S, Assassin/S, Assassination Attempt/S, Attempted Murder, Dispute Over Succession, Family Feud, Male Protagonist, Murim, Rivalry, Sudden Strength Gain",2021,2022,Manhwa,201 Chapters (Complete),"Giwon, Ha Buk Paeng, Muhyang, Studio M",,6.64,,Komiku+MangaUpdates,list1/16-ha-buk-paengs-youngest-son.jpg,"Cerita ini mengikuti perjalanan anak bungsu dari keluarga Ha Buk Paeng yang dikenal sederhana namun penuh tantangan. Dalam usahanya membuktikan diri, ia menghadapi berbagai rintangan baik dari lingkungan sekitar maupun konflik internal keluarga yang menuntutnya untuk tumbuh menjadi pribadi yang kuat dan bijaksana. Melalui perjuangan yang penuh liku, sang anak bungsu belajar arti tanggung jawab, persahabatan, dan keberanian. Perjalanan ini tidak hanya mengubah pandangannya tentang dunia, tetapi juga mempererat ikatan keluarga yang sebelumnya renggang, memberikan pelajaran penting tentang makna sebenarnya dari keluarga dan mimpi.","Habuk Peng Family’s best strength, Peng Jihyuk heads to the Nakho Region to save his family that fell into destruction due to the attack of the Demon Sect, but everything was a trap. At the moment of death, he felt the wrath of being the only one left from his beloved family. ‘Again…if you give me a chance…!” Peng Jihyuk, who thought he was dead, woke up in the body of Young Master Sa, of the Peng Family. **Original Webtoon:** [Naver Webtoon](https://comic.naver.com/webtoon/list?titleId=783877), [Naver Series](https://series.naver.com/comic/detail.series?productNo=6700142) **Official Translations:** [S.Chinese](https://www.dongmanmanhua.cn/BOY/pengjiasigongzi/list?title_no=2059), [Japanese](https://manga.line.me/product/periodic?id=Z0002140)"
list1,17,Reincarnation of the Murim Clan’s Former Ranker,Murim Ranker | Murimsega Jeonsaengnaengkeo | Past Life's Ranker Reborn in Family of Martial Arts! | Reinkarnasi Mantan Petarung Murim | The Previous Life Murim Ranker | The Reborn Ranker Chronicles | Un Ranker de la Vida Pasada Reencarna en el Murim | Reencarnación Del Antiguo Ranker Del Clan Murim | Reencarnación en el Murim: El Inesperado Renacer de un Unranker de la Vida Pasada | 不死王的轮回,"Action, Adventure, Fantasy, Martial Arts, Shounen",Drama,"Cultivation, Male Protagonist, Necromancy, Reincarnation, Arrogant Character/S, Assassin/S, Assassination Attempt/S, Attempted Murder, Black/Dark Magic, Corruption",2021,2024,Manhwa,201 Chapters (Complete) **S1**: 82 Chapters (1\~82) **S2**: 119 Chapters (83\~201) ,"Dong Min Kim, In Yong, Sanbo",68,6.86,,AniList+Komiku+MangaUpdates,list1/17-reincarnation-of-the-murim-clans-former-ranker.jpg,"Cerita ini mengikuti perjalanan seorang mantan petarung elit di dunia Murim yang bereinkarnasi ke dunia yang sama dengan ingatan penuh tentang kehidupannya yang lalu. Dengan kemampuan dan pengalaman luar biasa yang dimilikinya, dia bertekad untuk mengubah nasibnya yang sebelumnya penuh pengkhianatan dan kekalahan. Dalam usahanya membangun kembali reputasi dan kekuatan, dia menghadapi berbagai tantangan dari musuh lama dan ancaman baru yang mengincar kedudukannya. Sepanjang perjalanan, tokoh utama membentuk aliansi dan mengungkap konspirasi besar yang mengancam kedamaian dunia Murim. Melalui pertempuran sengit dan strategi matang, dia tidak hanya berusaha bertahan hidup namun juga membawa perubahan besar yang menghidupkan kembali nilai-nilai kehormatan dan persaudaraan di antara klan-klan Murim. Kisah ini memadukan aksi, petualangan, dan drama emosional yang kuat dalam latar dunia bela diri yang kaya dan kompleks.","Legendary SSS-rank hunter Kang Taeha finally met his end. But just as he prepares to enter eternal sleep, he awakens once more in… imperial China?! Now, he must live as Liu Xinyun, the delinquent heir to a powerful company. All he wants to do is put his hunting days behind him, but in order to survive his new power-hungry relatives, Xinyun must hone his skills again, starting from level one. Can his own unique blend of necromancy and martial arts take him from useless bum to ultimate boss? **Original Novel:** [KakaoPage](https://page.kakao.com/content/54906429) **Original Webtoon:** [Daum](https://webtoon.kakao.com/content/%EB%AC%B4%EB%A6%BC%EC%84%B8%EA%B0%80-%EC%A0%84%EC%83%9D%EB%9E%AD%EC%BB%A4/2706), [KakaoPage](https://page.kakao.com/content/58108830) **Official Translations:** [English](https://tapas.io/series/the-reborn-ranker-chronicles/info), S.Chinese ([BiliBili](https://manga.bilibili.com/detail/mc31490), [KuaiKan](https://www.kuaikanmanhua.com/web/topic/20359)), [Thai](https://th.kakaowebtoon.com/content/%E0%B8%AD%E0%B8%94%E0%B8%B5%E0%B8%95%E0%B9%81%E0%B8%A3%E0%B8%87%E0%B9%80%E0%B8%81%E0%B8%AD%E0%B8%A3%E0%B9%8C%E0%B9%81%E0%B8%AB%E0%B9%88%E0%B8%87%E0%B8%A2%E0%B8%B8%E0%B8%97%E0%B8%98%E0%B8%A0%E0%B8%9E/738)"
list1,18,I Reincarnated As The Crazed Heir,Aku Terlahir Kembali Sebagai Pewaris Gila | El regreso del Demonio Loco | Mangnani Sogyojuro Hwansaenghaetda | Reincarnated as an Unruly Heir | Vice-Lord's Rebirth | Reencarné como el heredero loco | เกิดอีกทีเป็นว่าที่ประมุขลัทธิมาร,"Action, Martial Arts","Fantasy, Historical, Reincarnation, Shounen, Supernatural","Male Protagonist, Reincarnation, China, Cultivation, Demonic Cultivation Technique/S, Female Fighter/S, Handsome Male Lead, Martial Artist/S, Martial Arts, Murim",2021,2024,Manhwa,197 Chapters + Prologue (Complete) **S1:** 70 Chapters (1\~70) **S2:** 57 Chapters (71\~127) **S3:** 70 Chapters (128\~197) ,"DAE Eunho, Han JIae, JEON Madu, zaemu",70,6.89,,AniList+Komiku+MangaUpdates,list1/18-i-reincarnated-as-the-crazed-heir.jpg,"Cerita ini mengikuti perjalanan karakter utama yang terlahir kembali ke dunia fantasi setelah kematiannya di dunia sebelumnya. Ia mendapatkan kesempatan kedua sebagai pewaris sebuah kerajaan besar yang penuh dengan kekacauan dan intrik politik, di mana ia harus menggunakan kecerdasan dan kekuatannya untuk bertahan dan membalas dendam terhadap mereka yang telah menghancurkan hidupnya sebelumnya. Dalam perjalanannya, ia perlahan membangun aliansi yang kuat, mengasah kemampuan unik yang ia miliki, dan menyingkap berbagai rahasia kelam yang mengancam keselamatan kerajaannya. Cerita ini menyajikan perpaduan antara aksi, strategi, dan pengembangan karakter yang mendalam untuk menghadirkan kisah yang seru dan penuh tak terduga.","Once a rising martial arts master, Jagak Yang is known as the Ten Strike Finisher due to his ability to defeat any opponent within ten moves. Jagak is also the son of the leader of the Great Martial Alliance, an organization of virtuous martial arts sects. His future leadership over the martial arts world seems all but assured -- that is, until he is assassinated by jealous rivals! Jagak is reincarnated into the body of Cheonso Ma, the playboy second-in-command of the evil Shining Light Cult. Can Jagak remain true to his principles despite his new life on the dark side? [Original Web Novel](https://series.naver.com/novel/detail.series?productNo=4858281) **Original Webtoon:** [Naver Webtoon](https://comic.naver.com/webtoon/list?titleId=773796), [Naver Series](https://series.naver.com/comic/detail.series?productNo=6420344) **Official Translations:** [English](https://www.webtoons.com/en/action/reincarnated-as-an-unruly-heir/list?title_no=3597), [S.Chinese](https://www.dongmanmanhua.cn/BOY/chongshengbuliangshaojiaozhu/list?title_no=1850), [T.Chinese](https://www.webtoons.com/zh-hant/martial-arts/reincarnated-as-an-unruly-heir/list?title_no=3308), [Thai](https://www.webtoons.com/th/fantasy/reincarnated-as-an-unruly-heir/list?title_no=5905), [Indonesian](https://www.webtoons.com/id/fantasy/reincarnated-as-an-unruly-heir/list?title_no=5930), [Japanese](https://manga.line.me/product/periodic?id=Z0001695)"
list1,19,Chronicles of the Demon Faction,Kronik Faksi Iblis | Madojeonsaenggi | Crónicas de la facción del demonio | Crónicas de la facción Demoniaca | 魔道轉生記,"Action, Fantasy","Adventure, Comedy, Demons, Drama, Historical, Martial Arts, Shounen","Cultivation, Male Protagonist, Assassin/S, Demonic Cultivation Technique/S, Eyepatch, Martial Arts, Master/S, Primarily Adult Cast, Reincarnation, Transmigration",2023,2022,Manhwa,181 Chapters (Ongoing),"FORCE STUDIO, M. Dhanang S., codezero",76,7.6,,AniList+Komiku+MangaUpdates,list1/19-chronicles-of-the-demon-faction.jpg,"Di dunia yang terjerat konflik antara manusia dan makhluk iblis, seorang pemuda yang awalnya biasa menemukan dirinya terjebak dalam peperangan besar antar faksi. Ia harus belajar mengendalikan kekuatan baru yang diwariskan dari leluhurnya untuk melindungi orang-orang yang dicintainya dan menemukan kebenaran di balik asal usul konflik tersebut. Dalam perjalanan yang penuh tantangan ini, dia tidak hanya menghadapi musuh eksternal tetapi juga perjuangan internal untuk mengatasi keraguan dan ketakutan. Setiap keputusan membawa konsekuensi besar yang bisa mengubah nasib dunia selamanya, membuatnya harus bertindak dengan bijak dan penuh keberanian.","Tired of the yoke of the Divine Justice Alliance, master assassin Hajin Cheon attempts to flee, only to be confronted by martial artists of all allegiances, both orthodox and deviant. Succumbing to the wounds of his ferocious struggle for freedom, he awakens in the body of Ryang Seo, a prince of the notorious Heavenly Demon Cult who suffers from a disorder that prohibits him from the use of qi. In order to survive in his new life, Hajin must contend with the many dangers and enemies that lurk within the cult. *(Source: [LINE Webtoon](https://www.mangaupdates.com/groups.html?id=3657285706))* **Original Novel:** [Chapters](https://series.naver.com/novel/detail.series?productNo=4871293), [Volumes](https://series.naver.com/novel/detail.series?productNo=8416336) **Original Webtoon:** [Naver Webtoon](https://comic.naver.com/webtoon/list?titleId=807777), [Naver Series](https://series.naver.com/comic/detail.series?productNo=9525690) **Official Translations:** [English](https://www.webtoons.com/en/action/chronicles-of-the-demon-faction/list?title_no=5832), [Japanese](https://manga.line.me/product/periodic?id=Z0003037), [S.Chinese](https://www.dongmanmanhua.cn/BOY/modaozhuanshengji/list?title_no=2393), [Thai](https://www.webtoons.com/th/action/chronicles-of-the-demon-faction/list?title_no=5537), [T.Chinese](https://www.webtoons.com/zh-hant/martial-arts/chronicles-of-the-demon-faction/list?title_no=5378), [Indonesian](https://www.webtoons.com/id/fantasy/chronicles-of-the-demon-faction/list?title_no=5500), [French](https://www.webtoons.com/fr/fantasy/chronicles-of-the-demon-faction/list?title_no=5578)"
list1,20,Revenge Of Young Master Peng,Balas Dendam Anak Muda Peng | Ha Buk Paeng's Youngest Son | Habuk Paenga's Youngest Son | Habukpaengga Mangnaeadeul | The Youngest Son of Habukpanga | Venganza del Maestro Peng | 하북팽가 막내아들,"Action, Drama, Fantasy, Martial Arts, Shounen","Adventure, Historical","Arrogant Character/S, Assassin/S, Assassination Attempt/S, Assassins, Attempted Murder, Conspiracy, Cult, Dispute Over Succession, Family Feud, Heterosexual",2021,2024,Manhwa,201 Chapters (Complete),"Giwon, Muhyang, Peng Xiao Feng, Studio M",60,6.64,,AniList+Komiku+MangaUpdates,list1/20-revenge-of-young-master-peng.jpg,"Cerita ini mengikuti perjalanan seorang pemuda berbakat bernama Peng yang mengalami ketidakadilan besar dalam hidupnya. Setelah dikhianati oleh orang-orang terdekat dan kehilangan segalanya, dia memutuskan untuk bangkit dan membalas dendam dengan kecerdasan dan strategi yang matang. Dalam prosesnya, Peng tidak hanya menghadapi lawan-lawannya yang kuat, tetapi juga harus mengatasi konflik batin dan mencari arti sejati tentang kekuatan dan keadilan. Perjalanan yang penuh intrik dan aksi ini membawa Peng ke dalam dunia yang lebih gelap namun juga mengajarkan nilai keberanian dan persahabatan sejati.","Habuk Peng Family’s best strength, Peng Jihyuk heads to the Nakho Region to save his family that fell into destruction due to the attack of the Demon Sect, but everything was a trap. At the moment of death, he felt the wrath of being the only one left from his beloved family. ‘Again…if you give me a chance…!” Peng Jihyuk, who thought he was dead, woke up in the body of Young Master Sa, of the Peng Family. **Original Webtoon:** [Naver Webtoon](https://comic.naver.com/webtoon/list?titleId=783877), [Naver Series](https://series.naver.com/comic/detail.series?productNo=6700142) **Official Translations:** [S.Chinese](https://www.dongmanmanhua.cn/BOY/pengjiasigongzi/list?title_no=2059), [Japanese](https://manga.line.me/product/periodic?id=Z0002140)"
list1,21,Fist Demon of Mount Hua,Enter the Volcano | Hwasangwonma | The Fist Demon of Mount Hua | Hỏa Sơn Quyền | 华山拳魔,"Action, Adventure, Martial Arts, Shounen","Ecchi, Isekai","Cultivation, Determined Male Lead, Determined Protagonist, Disabled Protagonist, Discrimination, Male Protagonist, Martial Artist/S, Martial Arts, Murim, Sect/S",2021,2021,Manhwa,182 Chapters (Complete),"JIN Seon-gyu, Woo-Gak, Woo-gak",69,7.24,,AniList+BacaKomik+MangaUpdates,list1/21-fist-demon-of-mount-hua.png,"Dam-Ho, satu-satunya yang selamat dari penggerebekan di desanya, memiliki kaki yang lumpuh, kondisi terburuk bagi seorang seniman bela diri. Meski begitu, dia menolak untuk berhenti berlatih. Sementara semua orang di sekitarnya mengatakan kepadanya bahwa dia tidak bisa menjadi seperti itu, Dam-Ho menolak menyerah pada mimpinya. Akankah dia benar-benar mampu mengatasi kemalangannya dan menjadi ahli bela diri terbaik?","Dam-Ho, the sole survivor of a raid on his village, has a lame leg, the worst possible condition for a martial artist. Nonetheless, he refuses to stop training. Whilst everyone around him tells him he cannot become one, Dam-Ho refuses to give up on this dream. Will he really be able to overcome his misfortune and become the best martial artist? **Original Novel:** [KakaoPage](https://page.kakao.com/content/48861375), [Naver Series](https://series.naver.com/novel/detail.nhn?productNo=3316286), [RIDI](https://ridibooks.com/books/1356019802), [Onestory](https://onestory.co.kr/detail/H032874329), [MrBlue](https://www.mrblue.com/novel/dailybooks0096), [BookCube](https://www.bookcube.com/novel/detail.asp?serial_num=se3857) **Original Webtoon:** [KakaoPage](https://page.kakao.com/content/56505406), [Daum](https://webtoon.kakao.com/content/%ED%99%94%EC%82%B0%EA%B6%8C%EB%A7%88/2469), [MrBlue](https://www.mrblue.com/webtoon/wt_000075700), [Naver Series](https://series.naver.com/comic/detail.series?productNo=13242489) **Official Translations:** [S.Chinese](https://www.kuaikanmanhua.com/web/topic/12113/)"
list1,22,Boundless Necromancer,Boundless Ascension | Na Honja Teukseongppallo Muhan Seongjang | Necromancer Tanpa Batas | Nigromante sin limites | The Boundless Necromancer | นักล่าไร้ลิมิต,"Action, Adventure, Fantasy",Shounen,"Male Protagonist, Administrator/S, Anti-Hero, Arrogant Male Lead, Badass Male Lead, Blood As A Weapon, Cheat Skill/S, Constellations, Cunning Male Lead, Demigod/S",2022,2020,Manhwa,177 Chapters (Complete),"2love, Fleecy cloud, Han Jun, Shyatan",69,6.65,,AniList+Komiku+MangaUpdates,list1/22-boundless-necromancer.jpg,"Boundless Necromancer mengikuti kisah seorang nekromancer muda yang memiliki kemampuan luar biasa dalam mengendalikan jiwa dan makhluk mati. Dalam perjalanannya, ia harus menghadapi berbagai musuh kuat dan tantangan yang menguji batas kemampuannya serta keyakinannya terhadap apa yang benar dan salah. Di tengah konflik yang tak berujung, protagonis menemukan kekuatan baru serta teman dan musuh yang tak terduga. Cerita ini menggali tema tentang kekuasaan, tanggung jawab, dan perjuangan untuk menegakkan keadilan di dunia yang penuh kekacauan dan sihir misterius.","Seong-yun Han was just a boy when his parents were killed by monsters unleashed during a mysterious calamity called the ""Dungeon Break."" Seven years later, Seong-yun is devastated to find that his grinding efforts to become a Hunter, fierce warriors who seek out and destroy monsters, are entirely in vain, as his fighting attributes have not increased at all. Seong-yun's world flips on a dime when he accepts an invitation to join the Tower of Trials, an otherworldly realm where challengers must overcome trials that pit them against monsters and humans alike. [Original Novel](https://series.naver.com/novel/detail.series?productNo=5844135) **Original Webtoon:** [Naver Webtoon](https://comic.naver.com/webtoon/list?titleId=803909), [Naver Series](https://series.naver.com/comic/detail.series?originalProductId=490654) **Official Translations:** [English](https://www.webtoons.com/en/action/boundless-ascension/list?title_no=5228), [S.Chinese](https://www.dongmanmanhua.cn/BOY/kaoshenjitianfuwuxianchengzhang/list?title_no=2351), [T.Chinese](https://www.webtoons.com/zh-hant/fantasy/boundless-necromancer/list?title_no=5234), [Indonesian](https://www.webtoons.com/id/fantasy/boundless-ascension/list?title_no=5366), [Thai](https://www.webtoons.com/th/fantasy/boundless-ascension/list?title_no=6075), [Japanese](https://manga.line.me/product/periodic?id=Z0002855)"
list1,23,Red Storm,Badai Merah | Tempestade Vermelha | Kızıl Fırtına | 레드스톰,"Action, Fantasy, Comedy, Drama, Shounen, Supernatural",Adventure,"Magic, Animal Sidekick, Arranged Marriage, Beast/S, Cultivation, Dead Family Member/S, Dead Parent/S, Demons, Desert, Diplomacy",2012,2024,Manhwa,412 Chapters (Ongoing) Part 1: Season 1: 20 Chapters (Complete) 1\~20 Season 2: 20 Chapters (Complete) 21\~40 Season 3: 20 Chapters (Complete) 41\~60 Season 4: 20 Chapters (Complete) 61\~80 Season 5: ,"Hyun Ahm, Jang Sung-Lak, NOH Kyung-chan, Studio Zeeha",74,8.16,,AniList+Komiku+MangaUpdates,list1/23-red-storm.jpg,"Red Storm mengisahkan tentang perjalanan seorang pemuda bernama Yulian Provoke, pewaris suku angin, yang memiliki potensi luar biasa namun harus membuktikan dirinya dalam dunia penuh konflik dan kekuatan mistis. Dia bertekad untuk membawa kejayaan dan mengubah nasib sukunya yang selama ini dianggap lemah. Dalam perjalanannya, Yulian bertemu dengan berbagai karakter kuat, menghadapi pertarungan sengit, serta menguak rahasia dunia yang lebih besar dari yang ia bayangkan. Red Storm menggabungkan kisah pertumbuhan pribadi dengan aksi penuh strategi dan elemen fantasi yang memukau.","A mysterious man suddenly appears in the desert separating the East and West Continents. A young boy, Yulian Provoke from the Pareia tribe finds this man, and brings him to his village. Turns out the man is an incredibly strong and amazing individual, and he begins to teach the young boy fighting skills. **Original Webtoon:** [Daum](https://webtoon.kakao.com/content/%EB%A0%88%EB%93%9C%EC%8A%A4%ED%86%B0/823), [KakaoPage](https://page.kakao.com/content/61856924) **Official Translations:** [Japanese](https://jp.piccoma.com/web/product/181569)"
list1,24,Chronicles Of The Martial God’s Return,Chronicles of a Returner | Chronicles Of The Martial God | Dios marcial | Le retour du Dieu Martial | Musingwihwallok | Record of Return | Record of the Heavenly Demon's Comeback | Records of the martial god's return | Return of the War God | A hadak ura visszatér | Chroniken der Rückkehr des martialischen Gottes | Crónicas del dios marcial | Crónicas del regreso del dios marcial | Crónicas del retorno del dios marcial | Crônicas do retorno do deus marcial | Dövüş sanatları tanrısının dönüşü | Ký sự về sự trở lại của thần chiến | Возвращение Бессмертного,"Action, Fantasy, Comedy, Martial Arts, Shounen, Slice of Life","Adventure, Ecchi, Isekai","Adopted Child/Ren, Adoption, Adoptive Family, Cultivation, Familial Love, Father And Daughter, Found Family, Long-Haired Male Lead, Long-Haired Protagonist, Martial Arts",2022,2022,Manhwa,169 Chapters (Ongoing) **S1**: 45 Chapters (01-45) **S2**: 40 Chapters (46-85) **S3**: 45 Chapters (86-130) **S4**: 45 Chapters (131~170) **S5**: TBA ,"Myosu, Rough",75,7.31,,AniList+BacaKomik+MangaUpdates,list1/24-chronicles-of-the-martial-gods-return.png,"Setelah disegel selama 1.000 tahun, Dewa Perang Duan Yuxian telah kembali ke dunia yang telah melupakan dirinya dan masa lalunya yang jahat. Saat dia mengembara tanpa tujuan melalui dataran tengah yang dikuasai oleh dunia persilatan, dia bertemu dengan seorang gadis kecil sekarat bernama Xiaomei dan menghidupkannya kembali karena rasa kasihan. Meski mereka berusaha hidup damai sebagai sebuah keluarga, faksi di dunia persilatan menolak membiarkan mereka begitu saja. Kini, Duan Yuxian tidak punya pilihan lain selain mengingatkan mereka bahwa Dewa Perang telah benar-benar kembali.","After being sealed away for 1,000 years, the War God Duan Yuxian has come back to a world that has forgotten him and his malevolent past. As he wanders aimlessly through the central plains ruled by the martial world, he comes across a dying little girl named Xiaomei and revives her out of pity. Although they try to live in peace as a family, the factions of the martial world refuse to let them be. Now, Duan Yuxian has no other choice but to remind them that the War God has truly returned. **Original Webtoon:** [Daum](https://webtoon.kakao.com/content/%EB%AC%B4%EC%8B%A0%EA%B7%80%ED%99%98%EB%A1%9D/2891), [KakaoPage](https://page.kakao.com/content/59492385) **Official Translations:** [English](https://tapas.io/series/return-of-the-war-god/info), [S.Chinese](https://www.kuaikanmanhua.com/web/topic/16060), [Japanese](https://jp.piccoma.com/web/product/112858), [Thai](https://th.kakaowebtoon.com/content/%E0%B8%95%E0%B8%B3%E0%B8%99%E0%B8%B2%E0%B8%99%E0%B9%80%E0%B8%97%E0%B8%9E%E0%B8%A2%E0%B8%B8%E0%B8%97%E0%B8%98%E0%B9%8C%E0%B8%AB%E0%B8%A7%E0%B8%99%E0%B8%9B%E0%B8%90%E0%B8%9E%E0%B8%B5/641)"
list1,25,Leveling With the Gods,Level Up with the Gods | Leveling Up With the Gods | Meningkatkan Level Bersama Para Dewa | Nivelando con los Dioses | Singwa Hamkke Level Up | Subiendo de nivel junto a los Dioses | Upando com os deuses | Level UP mit den Göttern | Subi de Nível Com os Deuses | เลเวลอัปไปกับเทพเจ้า,"Action, Fantasy","Adventure, Shounen","Magic, Male Protagonist, Mythology, Survival, Adult Protagonist, Age Regression, Calm Protagonist, Competent Protagonist, Death Game, Emotionless Protagonist",2021,2021,Manhwa,169 Chapters + Prologue (Ongoing) **S1** : 61 Chapters (1\~61) **S2** : 58 Chapters (62\~119) **S3** : 50 Chapters (120\~169)\ **S4:** TBA,"Black Ajin, Ohyeon, Son Jae Ho",78,7.66,,AniList+Komiku+MangaUpdates,list1/25-leveling-with-the-gods.png,"Komik ini mengikuti kisah seorang pria bernama Kang Han Soo yang tiba-tiba mendapatkan kekuatan supranatural setelah bertemu dengan para dewa. Dia mulai menjalani perjalanan penuh tantangan untuk menjadi lebih kuat sekaligus menguak rahasia di balik kekuatan tersebut serta keberadaan para dewa itu. Dalam perjalanannya, Han Soo menghadapi berbagai musuh dan rintangan yang menguji tekad serta keahliannya dalam bertarung. Selain itu, cerita juga menggali hubungan kompleks antara dewa dan manusia di dunia yang mulai berubah akibat kekuatan baru yang muncul. Kang Han Soo harus menyeimbangkan kekuatan yang didapatkannya dengan rasa tanggung jawab demi melindungi orang-orang yang dia sayangi dan menjaga perdamaian di dunia. Perkembangan karakter dan aksi seru menjadi daya tarik utama komik ini.","“***Maybe Inner Gods can never defeat Outer Gods...***” so thought **Yuwon Kim**, a plucky, high-ranking warrior, after a bitter defeat. But **Yuwon** is too tenacious to give up. His loss becomes the dawn of a new journey as a **returnee**. With renewed determination, **Yuwon** starts back from where he began, smashing monster after monster and relearning his skills before taking on the Tower once again. But can he fight his way through the tutorials and level up once more, or will his conquest crumble before him? (Source : [Tapas](https://m.tapas.io/series/level-up-with-the-gods/info)) **Original Webtoon:** [Daum](https://webtoon.kakao.com/content/%EC%8B%A0%EA%B3%BC-%ED%95%A8%EA%BB%98-%EB%A0%88%EB%B2%A8%EC%97%85/2708), [KakaoPage](https://page.kakao.com/content/57311327) **Official Translations:** [English](https://tapas.io/series/level-up-with-the-gods/info), [Japanese](https://jp.piccoma.com/web/product/82357), [S.Chinese](https://www.kuaikanmanhua.com/web/topic/12982/), [Thai](https://th.kakaowebtoon.com/content/%E0%B9%80%E0%B8%A5%E0%B9%80%E0%B8%A7%E0%B8%A5%E0%B8%AD%E0%B8%B1%E0%B8%9B%E0%B9%84%E0%B8%9B%E0%B8%81%E0%B8%B1%E0%B8%9A%E0%B9%80%E0%B8%97%E0%B8%9E%E0%B9%80%E0%B8%88%E0%B9%89%E0%B8%B2/215), [German](https://www.lezhinde.com/detail/dad_2000297), [B.Portuguese](https://br.comikey.com/comics/subi-de-nivel-com-os-deuses-webtoon/994/), [French](https://www.ono.live/webtoon/level-up-with-the-gods)"
list1,26,Demon Lord’s Martial Arts Ascension,Martial Demon King | Mugongeuro Level Up-aneun Mawangnim | Pendakian Seni Bela Diri Penguasa Iblis | The Demon King Levels Up | The Demon Lord Levels Up With Martial Arts | La ascensión marcial del Dios Demonio | レベルアップする魔王様,"Action, Fantasy, Adventure","Demons, Drama, Martial Arts, Shounen","Arrogant Character/S, Demon Lord/King, Dungeon/S, Gateway/S, Monster Hunter/S, Monster/S, Reincarnation, Skill Growth, Skill/S, Special Ability/Ies",2022,2024,Manhwa,175 Chapters (Complete) **S1** : 46 Chapters (1\~46) **S2** : 39 Chapters (47\~85) **S3** : 90 Chapters (86~175),"AM, DooMook, Iboxson, Tya",65,6.43,,AniList+Komiku+MangaUpdates,list1/26-demon-lords-martial-arts-ascension.jpg,"Mengisahkan tentang seorang penguasa iblis yang mendapatkan kesempatan kedua untuk menggapai puncak kekuatan seni bela diri. Setelah ribuan tahun tertidur dalam kegelapan, ia bangkit dengan tekad kuat untuk menguasai dunia manusia dan makhluk supranatural melalui kemampuannya yang terus berkembang. Dalam perjalanan tersebut, dia harus menghadapi berbagai lawan tangguh sekaligus belajar tentang sifat kemanusiaan dan kekuatan persahabatan. Setiap tantangan yang dihadapi menjadi batu loncatan menuju kehebatan sejati, mengubahnya dari sosok yang diliputi kegelapan menjadi pahlawan yang dihormati sekaligus ditakuti.","Now that the demonic realm and the heavenly realm have called a truce, the human world has returned to an era of peace. Jeon Minchul lives the life of an ordinary college student until the day he comes across an artifact from the war and remembers—in his past life, he was the demon king who brought the world to its knees. Upon recalling these memories, Minchul awakens his old powers, along with some new ones. But can this demon king harness the powers of both good and evil to protect the peace? **Original Novel:** [KakaoPage](https://page.kakao.com/content/54334649), [Ridibooks](https://ridibooks.com/books/2155020531), [Naver Series](https://series.naver.com/novel/detail.series?productNo=9141432), [Joara](https://www.joara.com/book/1633008), [MrBlue](https://www.mrblue.com/novel/E000093389), [BookCube](https://www.bookcube.com/detail.asp?series_num=922023185) *Translations: [Japanese](https://jp.piccoma.com/web/product/177380) **Original Webtoon:** [KakaoPage](https://page.kakao.com/content/60477730), [Daum](https://webtoon.kakao.com/content/%EB%AC%B4%EA%B3%B5%EC%9C%BC%EB%A1%9C-%EB%A0%88%EB%B2%A8%EC%97%85%ED%95%98%EB%8A%94-%EB%A7%88%EC%99%95%EB%8B%98/3090) **Official Translations:** [English](https://tapas.io/series/the-demon-king-levels-up/info), [Japanese](https://jp.piccoma.com/web/product/126462), [S.Chinese](https://pdt.tencentac.com/?adtag=appshare.ios.detail%26QQ%26449&contentId=449&platform=IA), [Thai](https://th.kakaowebtoon.com/content/%E0%B8%A3%E0%B8%B2%E0%B8%8A%E0%B8%B2%E0%B8%9B%E0%B8%B5%E0%B8%A8%E0%B8%B2%E0%B8%88%E0%B8%9C%E0%B8%B9%E0%B9%89%E0%B8%AD%E0%B8%B1%E0%B8%9B%E0%B9%80%E0%B8%A7%E0%B8%A5%E0%B8%94%E0%B9%89%E0%B8%A7%E0%B8%A2%E0%B8%A7%E0%B8%A3%E0%B8%A2%E0%B8%B8%E0%B8%97%E0%B8%98%E0%B9%8C/808), [T.Chinese](https://tw.kakaowebtoon.com/content/%E6%AD%A6%E5%8A%9F%E9%AD%94%E7%8E%8B/851)"
list1,27,The Strongest in History,Manusia Terkuat dalam Sejarah | Shi Shang Zui Qiang Nanzhujiao | The Strongest Actor in History | The Strongest Actor of All Time | The Strongest Hero Ever | The Strongest Male Lead in History | The Strongest Protagonist in History | The Strongest Protagonist of All Time! | El Héroe Más Fuerte de la Historia | Nhân Vật Chính Mạnh Nhất Lịch Sử | 사상 최강 남주,"Action, Adventure, Fantasy, Martial Arts","Mystery, Shounen","Absurdity, Comedic Undertone, Comedic Violence, Cultivation, Gag/S, Gender Transformation, Short Chapter/S, Transmigration, Unreliable Narrator, Weak Plot Continuity",2021,2023,Manhua,210 Chapters (Dropped),"Joo Hyung Lee, Ruohong Culture, TaXue Comic, Wen Jianzhao",50,5.67,,AniList+Komiku+MangaUpdates,list1/27-the-strongest-in-history.jpg,"Komik ini mengisahkan perjalanan seorang pria biasa yang secara tiba-tiba mendapatkan kekuatan luar biasa yang belum pernah ada sebelumnya. Dalam usahanya untuk memahami dan mengendalikan kekuatan tersebut, ia menghadapi berbagai tantangan dari lawan yang kuat dan situasi yang menguji batas kemanusiaannya. Berbagai konflik ini membawanya ke dalam petualangan seru yang mengubah hidupnya dan dunia di sekitarnya. Selain menghadapi musuh yang berusaha untuk menghentikannya, tokoh utama juga menggali rahasia di balik asal usul kekuatannya. Ia berusaha mencari arti sebenarnya dari kekuatan yang dimilikinya dan bagaimana itu bisa digunakan untuk kebaikan. Perjalanan ini tidak hanya tentang pertarungan fisik tetapi juga pembelajaran pribadi dan pengembangan karakter yang mendalam.","With extraodinary powers, Zhao Xiaotian suffered a lot. After an explosion, he caught up with the trend of crossing the different world, but the dark forces of the devil still did not let him go, assassination, kidnapping, etc. Zhao Xiaotian could not bear it. Finally he was sent to the well-known sect——Xiao Yao sect , from now on open his immortal and humblebragging road. **Original Webtoon:** [AC.QQ](https://ac.qq.com/Comic/comicInfo/id/650651), [BiliBili](https://manga.bilibili.com/detail/mc29994), [KuaiKan](https://www.kuaikanmanhua.com/web/topic/10976/), [IQIYI](https://www.iqiyi.com/manhua/detail_2200nohmtyt.html), [ManmanAPP](https://www.manmanapp.com/comic-1405383.html), [Mkzhan](https://www.mkzhan.com/216129/), [Zymk](https://www.zymk.cn/5074/) **Official Translation:** English: [INKR](https://comics.inkr.com/title/998-the-strongest-male-lead-in-history), [Webnovel](https://www.webnovel.com/comic/the-strongest-male-lead-in-history_27410128605437501), [Mangatoon](https://mangatoon.mobi/en/the-strongest-hero-ever?content_id=1308677) Others: [Spanish](https://mangatoon.mobi/es/el-heroe-mas-fuerte-de-la-historia?content_id=1308677)"
list1,28,Heavenly Inquisition Sword,Gucheongugeom | Nine Heavens Swordmaster | Nine Heavens Swordsmaster | Pedang Inkuisisi Surgawi | The Nine Heavens Swordmaster | Espada de la inquisición celestial | L'Épée des neuf cieux | Semaların Kılıcı | 구천구검,"Action, Fantasy, Adventure, Drama, Martial Arts, Shounen",Historical,"Male Protagonist, Abuse, Abused Family Member/S, Abused Male Lead, Abused Protagonist, Age Progression, Bandit/S, Child Abuse, Child Neglect, Confident Male Lead",2022,2024,Manhwa,153 Chapters (Complete) **S1**: 74 Chapters (1\~74) **S2**: 79 Chapters (75\~153),"Cardok, Jo Jin Young, Saint Nine, Skyler",69,6.47,,AniList+Komiku+MangaUpdates,list1/28-heavenly-inquisition-sword.png,"Heavenly Inquisition Sword mengikuti perjalanan seorang pendekar muda yang tiba-tiba mendapatkan Pedang Inkuisisi Surgawi, senjata legendaris dengan kekuatan luar biasa dan misi suci untuk menumpas kejahatan. Bertarung melawan berbagai musuh kuat dan menghadapi konflik batin, ia berusaha menyeimbangkan antara takdir besar dan kemanusiaannya. Di tengah perjalanan, ia bertemu dengan sekutu dan lawan yang membuatnya mempertanyakan arti kekuatan dan keadilan. Semakin dalam ia menyelami dunia yang penuh misteri dan intrik, makin jelas bahwa takdirnya tidak hanya untuk menyelamatkan dunia tetapi juga menemukan jati diri sejatinya.","Yeon Jeokha had to suffer years of abuse from his father's first wife for being the favored second wife's son. His fortunes change upon finding a mirror with a spirit who teaches him the Nine Heavens Sword Art, a powerful technique his father created. After an arduous decade of training, he successfully escapes and heads to the mountains, where he joins the Obong Outlaws as their strongest member. But he soon learns that the stronger he gets, the more enemies and rivals are bound to follow... **Original Webtoon:** [KakaoPage](https://page.kakao.com/content/60492600), [Daum](https://webtoon.kakao.com/content/%EA%B5%AC%EC%B2%9C%EA%B5%AC%EA%B2%80/3208) **Official Translations:** [English](https://tapas.io/series/the-nine-heavens-swordmaster/info), [S.Chinese](https://manga.bilibili.com/detail/mc36826), [Japanese](https://jp.piccoma.com/web/product/130764), [Thai](https://th.kakaowebtoon.com/content/%E0%B8%81%E0%B8%A3%E0%B8%B0%E0%B8%9A%E0%B8%B5%E0%B9%88%E0%B8%9E%E0%B8%B4%E0%B8%9E%E0%B8%B2%E0%B8%81%E0%B8%A9%E0%B9%8C%E0%B9%80%E0%B8%81%E0%B9%89%E0%B8%B2%E0%B8%AA%E0%B8%A7%E0%B8%A3%E0%B8%A3%E0%B8%84%E0%B9%8C/656)"
list1,29,Absolute Martial Arts,Jeoldaemusin | 절대무신,"Action, Adventure, Comedy, Fantasy, Martial Arts, Shounen","Ecchi, Isekai","Asian Theme, Male Protagonist, Martial Artist/S, Murim, Orphan/S, Overpowered Male Lead, Training, Weak To Strong",2020,2020,Manhwa,152 Chapters (Complete) S1: 40 Chapters (Complete) 1\~40 S2: 40 Chapters (Complete) 41\~80 S3: 40 Chapters (Complete) 81\~120 S4: 32 Chapters (Complete) 121\~152,"JEON Sang, Jeokha, LEE Geo, LEE Kiheon, SUK Chwi, 적하 , 전상",61,5.98,,AniList+BacaKomik+MangaUpdates,list1/29-absolute-martial-arts.jpg,"Di ambang kematian, saya diselamatkan oleh sekelompok eksistensi tingkat iblis tua di puncak kultivasi. Tapi aku, Yeon-kang memiliki terlalu banyak potensi dalam seni bela diri, dan sayangnya diculik dan dipaksa menjadi murid mereka… Bergabunglah denganku saat aku berusaha sekuat tenaga untuk melepaskan diri dari genggaman mereka, dan memasuki dunia Murim!","On the verge of death, I was saved by a group of elderly demon – level existences at the apex of cultivation. But I, Yeon-gang had too much potential in martial arts, and alas was kidnapped and forced to become their disciple… Join me as I desperately try my best to escape their grasp, and enter the world of Murim! **Original Novel:** [KakaoPage](https://page.kakao.com/content/55478434) **Original Webtoon:** [KakaoPage](https://page.kakao.com/content/55478434), [Daum](https://webtoon.kakao.com/content/%EC%A0%88%EB%8C%80%EB%AC%B4%EC%8B%A0/2498) **Official Translations:** [Japanese](https://piccoma.com/web/product/58384)"
list1,30,Reincarnated Escort Warrior,Hwansaengpyosa | Pejuang Pendamping yang Bereinkarnasi | The Reincarnated Armed Escort | 환생표사,"Action, Fantasy, Drama, Historical, Martial Arts, Shounen","Adventure, Reincarnation","Male Protagonist, Arrogant Character/S, Art Style Change, Based On A Novel, Child Neglect, Chinese Ambience, Escort/S, Family Rivals, Loyal Servant/S, Loyalty",2022,2023,Manhwa,153 Chapters (Complete) *S1:* 53 Chapters (1\~53) *S2:* 55 Chapters (54\~108) *S3:* 45 Chapters (109\~153),"Min Yonggi, Nam Sang-mook, Park Shin, Shingal Namu",67,6.82,,AniList+Komiku+MangaUpdates,list1/30-reincarnated-escort-warrior.jpg,"Komik ini mengisahkan seorang pria yang bereinkarnasi ke dunia lain dengan peran sebagai pengawal dan pendamping seorang pahlawan. Di dunia baru ini, ia harus menggunakan kemampuan dan pengalamannya dari kehidupan sebelumnya untuk melindungi serta membantu pahlawan tersebut menghadapi berbagai tantangan berbahaya yang mengancam keselamatan mereka. Sepanjang petualangannya, sang pengawal tidak hanya belajar tentang dunia baru yang penuh dengan sihir dan makhluk magis, tetapi juga menemukan arti persahabatan dan pengorbanan sejati. Cerita ini membawa pembaca menyelami perjuangan dan pertumbuhan karakter utama dalam menghadapi konflik yang kompleks dan pengkhianatan yang mengejutkan.","Although an old porter has shown great determination and loyalty to his escort agency, he is never given the chance to become an armed escort due to his bad leg. But after sacrificing his life to keep a priceless treasure from a group of bandits, he is reborn as the 22-year-old Li Zhenglong who died 30 years ago! Now, in the body of the fourth young master of the Heavenly Dragon Escort Agency, will he finally realize his dream? Or will Li Zhenglong's terrible reputation ruin it all? **Original Novel:** [KakaoPage](https://page.kakao.com/content/52813938) **Original Webtoon:** [KakaoPage](https://page.kakao.com/content/59787320), [Daum](https://webtoon.kakao.com/content/%ED%99%98%EC%83%9D%ED%91%9C%EC%82%AC/3946) **Official Translations:** [English](https://tapas.io/series/the-reincarnated-armed-escort/info), [Japanese](https://jp.piccoma.com/web/product/171839)"
list2,1,Lookism,APARI3NCIAS | Gaiken Shijou Shugi | Oemo Jisang Juui | Oemo Jisangjuui | Oemojisangjuui | Penampilan | Görünüşçülük | 外見至上主義,"Action, Comedy, Drama, Supernatural, School Life, Shounen","Martial Arts, Mystery","Boxing, Bullying, 21St Century, Abusive Family Member/S, Adapted To Anime, Animal Cruelty, Appearance Changes, Appearance Different From Personality, Art Evolution, Attempted Rape",2014,2025,Manhwa,630 Chapters (Ongoing) 20 Volumes (Ongoing),"PARK Tae Jun, Park Tae Jun, Park Tae-jun",78,8.08,,AniList+Komiku+MangaUpdates,list2/01-lookism.jpg,"Bercerita tentang seorang remaja bernama Park Hyung Suk yang mengalami diskriminasi karena penampilannya yang dianggap jelek. Suatu hari ia terbangun di tubuh baru yang sangat menarik dan mulai menghadapi dunia dengan identitas baru tersebut. Cerita ini mengeksplorasi bagaimana penampilan mempengaruhi perlakuan sosial dan perjuangan hyung suk untuk menemukan jati dirinya. Di dalam perjalanannya, Hyung Suk menghadapi berbagai konflik sosial mulai dari perundungan hingga masalah pertemanan dan cinta. Ia mempelajari nilai sejati dari kepribadian dan bagaimana orang lain melihat dirinya bukan hanya lewat penampilan fisik, melainkan dari sikap dan tindakan yang ia lakukan selama cerita berlangsung.","Read the original webcomic behind Netflix's new animated series! Daniel is an unattractive loner who wakes up in a different body. Now tall, handsome, and cooler than ever in his new form, Daniel aims to achieve everything he couldn't before. How far will he go to keep his body... and his secrets? **Original Webtoon:** [Naver Webtoon](http://comic.naver.com/webtoon/list.nhn?titleId=641253), [Naver Series](https://series.naver.com/comic/detail.series?productNo=2184735) **Official Translations:** [English](http://www.webtoons.com/en/drama/lookism/list?title_no=1049), [T.Chinese](https://www.webtoons.com/zh-hant/school/kanlianshidai/list?title_no=546), [German](https://www.webtoons.com/de/drama/lookism/list?title_no=4890), [Thai](https://www.webtoons.com/th/action/lookism/list?title_no=576), [Indonesian](https://www.webtoons.com/id/action/lookism/list?title_no=532), [Japanese](https://manga.line.me/product/periodic?id=Z0000193), [French](https://www.webtoons.com/fr/drama/lookism/list?title_no=1818), [Spanish](https://www.webtoons.com/es/drama/lookism/list?title_no=1930) *Takes place in the same universe as: •[Bongyeok Geumyeon Gwonjang Manhwa](https://www.mangaupdates.com/series.html?id=20418037867) •[QUESTISM](https://www.mangaupdates.com/series.html?id=75132708688) •[Viral Hit](https://www.mangaupdates.com/series.html?id=68589850270) (How to Fight) •[My Life as a Loser](https://www.mangaupdates.com/series.html?id=30657361360)! •[Manager Kim](https://www.mangaupdates.com/series.html?id=36562359657) •[Juvenile Offender](https://www.mangaupdates.com/series.html?id=68331704282) •[Laws of the Good Child](https://www.mangaupdates.com/series.html?id=16897571460)*"
list2,2,The Boy of Death,Anak dari Kematian | Hero Ticket | Reaper Boy | Sasinsonyeon | Ticket Hero | Cậu Bé Của Thần Chết | 死神少年,"Action, Fantasy","Psychological, School Life, Shounen, Supernatural","Bullying, Animal Cruelty, Attempted Suicide, Bullied Male Lead, Contract/S, Dead Family Member/S, Death, Death Wish, Ghost/S, Hidden Power/S",2019,2024,Manhwa,329 Chapters (Ongoing) Season 1: 146 Chapters + Epilogue + Review Season 2: 173 Chapters Season 3: 10+ Chapters,"Jhondoe, Ryu",67,6.53,,AniList+Komiku+MangaUpdates,list2/02-the-boy-of-death.jpg,"The Boy of Death mengikuti perjalanan seorang anak laki-laki yang dianugerahi kekuatan luar biasa setelah mengalami kejadian misterius yang mengubah hidupnya. Dalam perjalanannya, dia berhadapan dengan berbagai tantangan dan musuh yang berusaha memanfaatkan kekuatannya untuk tujuan gelap. Dengan tekad kuat dan hati yang penuh keberanian, anak tersebut belajar memahami makna sejati dari kekuatan dan tanggung jawab. Cerita ini juga mengeksplorasi sisi emosional sang protagonis saat ia menavigasi dunia yang penuh dengan intrik dan bahaya. Melalui hubungan yang ia bangun dengan karakter lain, kisah ini menonjolkan pentingnya persahabatan dan pengorbanan dalam menghadapi masa depan yang tak pasti. The Boy of Death adalah perpaduan antara aksi seru dan drama yang reflektif, membawa pembaca pada pengalaman yang mendalam dan menegangkan.","Lee Kyung Ho's mind was engulfed with ending his life due to bullying and the loss of his mother. He attempts to, but is saved. His determination to commit suicide somehow entices Sierra, a grim reaper who later offers him a contract. This contract blesses him with the ability to borrow the powers of the dead in their previous life in return of sacrificing years from his lifespan. For the sake of attaining what he wishes for, he eventually agrees to it. **Original Webtoon:** [Naver Webtoon](https://comic.naver.com/webtoon/list.nhn?titleId=730656&weekday=tue), [Naver Series](http://naver.me/54XIXF5K) **Official Translation:** [T.Chinese](https://www.webtoons.com/zh-hant/fantasy/theboyofdeath/list?title_no=1771), [Thai](https://www.webtoons.com/th/fantasy/ticket-hero/list?title_no=2433), [Indonesian](https://www.webtoons.com/id/action/ticket-hero/list?title_no=2195), [French](https://www.webtoons.com/fr/action/heroticket/list?title_no=2178), [German](https://www.webtoons.com/de/fantasy/ticket-hero/list?title_no=4098), [S.Chinese](http://www.dongmanmanhua.cn/BOY/sishenshaonian/list?title_no=1660&page=1), [Japanese](https://manga.line.me/product/periodic?id=Z0001692)"
list2,3,Study Group,Grupo de estudio | Kelompok Belajar | スタディー・グループ,"Action, Comedy, Martial Arts, School Life","Drama, Seinen, Shounen","Bullying, School, Abuse, Attempted Blackmail, Attempted Extortion, Attempted Murder, Blackmail, Competitive Atmosphere, Crime/S, Criminal/S",2019,2020,Manhwa,330 Chapters (Ongoing) Season 1: 117 Chapters + S1 Epilogue Season 2: 116 Chapters + S2 Preview + S2 Epilogue Season 3: 95 Chapters + S3 Preview (Ongoing),"John Doe, RYU Seungyeon, SHIN Hyungwook",74,7.37,,AniList+Komiku+MangaUpdates,list2/03-study-group.jpg,"Komik ini mengisahkan sekelompok siswa di sebuah sekolah menengah yang membentuk kelompok belajar untuk saling membantu dalam menyelesaikan tugas dan menghadapi ujian. Mereka belajar tidak hanya tentang pelajaran akademik, tetapi juga nilai-nilai persahabatan, kerja sama, dan mengatasi rasa percaya diri. Dalam perjalanan mereka, masing-masing anggota kelompok menghadapi tantangan dan masalah pribadi yang unik. Melalui diskusi dan dukungan bersama, mereka belajar tumbuh dan berkembang menjadi pribadi yang lebih baik sambil mempererat ikatan mereka sebagai teman satu tim belajar.","Nicknamed the “school for future criminals,” Yusung Technical High School isn’t exactly the ideal place to study. A rarity among his peers, Gamin is a student with just one goal: to get into university. At a school where it’s every man for himself, he is rejected from countless study groups before he decides to form his own. When Hankyeong, Gamin’s former tutor, joins his high school in hopes of earning her teacher certification, it seems like they’re both reaching for the impossible. Can they defeat the odds and achieve their dreams? Part of the Blue String Universe **Original Webtoon:** [Naver Webtoon](https://comic.naver.com/webtoon/list.nhn?titleId=721948), [Naver Series](https://series.naver.com/comic/detail.series?productNo=3895137) **Official Translations:** [English](https://www.webtoons.com/en/action/study-group/list?title_no=3595), [Thai](https://www.webtoons.com/th/action/studygroup/list?title_no=1595), [T.Chinese](https://www.webtoons.com/zh-hant/action/studygroup/list?title_no=1679), [Indonesian](https://www.webtoons.com/id/action/studygroup/list?title_no=1583), [S.Chinese](https://dongmanmanhua.cn/CAMPUS/pizixueba/list?title_no=1467), [Japanese](https://manga.line.me/product/periodic?id=Z0000819), [French](https://www.webtoons.com/fr/action/study-group/list?title_no=4876), [Spanish](https://www.webtoons.com/es/action/study-group/list?title_no=7651) ***Note:** This webtoon has been adapted into a **Korean Drama** on Jan 23 2025.*"
list2,4,God of Blackfield,Dewa Medan Hitam | ゴッド オブ ブラックフィールド,"Action, Drama, Supernatural, School Life, Shounen",,"Reincarnation, Revenge, Armed Combat, Attempted Murder, Attempted Seduction, Attempted Suicide, Betrayal, Blood And Gore, Brutality, Bullying",2020,2025,Manhwa,326 Chapters (Ongoing) S1: 89 Chapters (1\~89) S2: 80 Chapters (90\~169) S3: 111 Chapters (170\~280) S4: 10+ Chapters (281\~??),"Mujang, Noh Hee Seok, Shin Insung, Un",71,6.89,,AniList+Komiku+MangaUpdates,list2/04-god-of-blackfield.jpg,"Cerita ini mengikuti seorang prajurit legendaris yang terbangun kembali di masa kini setelah menghilang selama bertahun-tahun dalam medan perang yang brutal. Dengan kemampuan bertarung yang luar biasa, ia berusaha menyesuaikan diri dengan dunia baru sambil menghadapi ancaman yang terus muncul dari masa lalu dan musuh yang mencoba menguasai kekuatannya. Dalam perjalanannya, sang protagonis harus melindungi orang yang penting bagi dirinya dan mempertahankan kehormatannya sebagai pejuang. Konflik yang intens dan intrik politik semakin memacu ketegangan dalam cerita ini, menampilkan aksi yang penuh strategi dan kejutan yang mendebarkan hingga akhir kisah.","Leaving only black soot and dead bodies in his wake, Kang Chan, the ""God of Blackfield,"" struck fear into the hearts of his enemies. But one day, in the chaos of battle, his life was abruptly snuffed out. ""I’ve been shot...but the bullet came from behind me!"" Revived three years later, this ""god"" is now a wimpy high schooler with major problems—savage bullies, shady business dealings, and even girls. Revenge seemed like a straight shot, but high school is a battlefield all of its own! **Original Webtoon:** [KakaoPage](https://page.kakao.com/content/54498159), [Daum](https://webtoon.kakao.com/content/%EA%B0%93-%EC%98%A4%EB%B8%8C-%EB%B8%94%EB%9E%99%ED%95%84%EB%93%9C/2374) **Official Translations:** [English](https://tapas.io/series/god-of-blackfield/info), [Japanese](https://jp.piccoma.com/web/product/23019), [T.Chinese](https://tw.kakaowebtoon.com/content/%E9%BB%91%E5%9F%9F%E4%B9%8B%E7%A5%9E/90), [Thai](https://th.kakaowebtoon.com/content/God_of_Blackfield/188)"
list2,5,Lord of Money,Penguasa Uang | The Lord of Money | 로드 오브 머니,"Drama, Action","Seinen, Supernatural","Economics, 21St Century, Based On A Novel, Body Swap/S, Business, Business Competition, Business Management, Businessman / Businesswoman, Company President, Corporate Espionage",2020,2025,Manhwa,285 Chapters (Ongoing),"Mujang, Rizky Ridwan, SON Joo Hwan",65,6.88,,AniList+Komiku+MangaUpdates,list2/05-lord-of-money.jpg,"Lord of Money mengisahkan perjalanan seorang pemuda yang menemukan kekuatan misterius untuk mengendalikan uang dan kekayaan. Dalam usahanya memahami kemampuan barunya, ia harus menghadapi berbagai tantangan dan musuh yang juga mengincar kekuatan tersebut demi kepentingan pribadi. Seiring waktu, ia belajar bahwa kekuatan uang tidak hanya membawa kemakmuran, tetapi juga tanggung jawab besar. Melalui petualangan dan konflik, ia berusaha mengubah sistem yang korup dan menegakkan keadilan bagi mereka yang terpinggirkan di dunia yang penuh intrik ini.","Every day was hell for Sung Changwook as he worked for the abusive Chun Joongmyung, the third son of the powerful Jikyung Group. When Changwook finally quits, Joongmyung attempts to kill him, but his plan backfires when both of them get electrocuted and switch bodies. Now stuck living as Joongmyung, Changwook must solve the mystery of his new identity and wage war against Joongmyung’s older brothers for control of the company. The odds are stacked against him, but could lightning strike twice? **Original Novel:** [KakaoPage](https://page.kakao.com/content/50171772), [Naver Series](https://m.series.naver.com/novel/detail.series?productNo=3521181), [Ridibooks](https://ridibooks.com/books/2313003101), [Blice](https://www.blice.co.kr/mw/detail.kt?novelId=15200) **Original Webtoon:** [KakaoPage](https://page.kakao.com/content/56237804), [Daum](https://webtoon.kakao.com/content/%EB%A1%9C%EB%93%9C-%EC%98%A4%EB%B8%8C-%EB%A8%B8%EB%8B%88/2453) **Official Translation:** [English](https://tapas.io/series/lord-of-money/info), [Thai](https://th.kakaowebtoon.com/content/Lord_of_Money/218), [T.Chinese](https://tw.kakaowebtoon.com/content/Lord-of-Money/772)"
list2,6,The Great Mage Returns After 4000 Years,"4000 Nyeon Mane Gwihwanhan Daemadosa | Kembalinya Sang Archmage Setelah 4000 Tahun | Le retour du grand Mage | Nekatnya Penyihir Hebat Kembali Setelah Empat Ribu Tahun | The Archmage Returns After 4000 Years | 4000年ぶりに帰還した大魔導士 | Die Rückkehr des grossen Magiers | El flipante mago regresa después de 4 milenios | El gran mago regresa después de 4000 años | Архимаг, который вернулся спустя четыре тысячи лет","Action, Adventure, Fantasy",Shounen,"Bullying, Magic, Male Protagonist, Annoying Female Lead, Based On A Novel, Conspiracy, Cult, Cultivation, Demigod/S, Demons",2020,2025,Manhwa,271 Chapters [200 ch + SS 71 ch] (Ongoing) 200 Main Story Chapters (Complete) **S1**: 91 Chapters (1-91) **S2**: 56 Chapters (92-147) **S3 (Part 1)**: 42 Chapters (148-189) **S3 (Part 2)**: 11 Chapter,"Barnacle, Barnicle, KD-DRAGON, Nakhasan, Redice Studio",75,7.32,,AniList+Komiku+MangaUpdates,list2/06-the-great-mage-returns-after-4000-years.jpg,"Setelah tidur selama empat ribu tahun, seorang penyihir legendaris terbangun dan menemukan dunia yang telah berubah jauh dari masa kejayaannya. Dengan kekuatan luar biasa yang masih dimilikinya, ia memutuskan untuk kembali menaklukkan dunia sihir yang penuh konflik dan intrik. Dalam perjalanannya, sang penyihir menghadapi banyak tantangan mulai dari musuh berbahaya hingga aliansi yang rumit. Dia bertekad untuk mengembalikan kejayaan masa lalu sekaligus melindungi orang-orang yang dianggapnya penting dalam hidup barunya yang penuh perjuangan.","Lucas Traumen was the greatest archmage in history until he was condemned by Demigod to spend eternity losing his mind. But 4,000 years later, he's thrust back into this world, into the body of Frei Blake, the weakest, most un-talented student at the prestigious Westroad Academy for mages. After all this time, the world of magic has barely progressed. Could this be the work of Demigod? Determined to find out, Lucas seeks to reach the highest levels of power once again and get his revenge. **Original Novel:** [KakaoPage](https://page.kakao.com/content/50621874), [Naver Series](https://series.naver.com/novel/detail.series?productNo=3185153), [BookCube](https://www.bookcube.com/novel/detail.asp?serial_num=sf1940), [Ridi](https://ridibooks.com/books/2065007025), [Onestory](https://onestory.co.kr/detail/H032903902), [MrBlue](https://www.mrblue.com/novel/E000073448) **Original Webtoon:** [KakaoPage](https://page.kakao.com/content/54884637), [Daum](https://webtoon.kakao.com/content/4000%EB%85%84-%EB%A7%8C%EC%97%90-%EA%B7%80%ED%99%98%ED%95%9C-%EB%8C%80%EB%A7%88%EB%8F%84%EC%82%AC/2385) **Official Translation:** [English](https://tapas.io/series/the-archmage-returns-after-4000-years/info), [T.Chinese](https://tw.kakaowebtoon.com/content/4000%E5%B9%B4%E5%BE%8C%E9%87%8D%E7%94%9F%E7%9A%84%E5%A4%A7%E9%AD%94%E5%B0%8E%E5%A3%AB/188), [French](https://www.lezhinfr.com/detail/daf_0000339), [German](https://www.lezhinde.com/detail/dad_0010043), [Japanese](https://jp.piccoma.com/web/product/37285), [Thai](https://th.kakaowebtoon.com/content/%E0%B8%A1%E0%B8%AB%E0%B8%B2%E0%B8%88%E0%B8%AD%E0%B8%A1%E0%B9%80%E0%B8%A7%E0%B8%97%E0%B8%9C%E0%B8%B9%E0%B9%89%E0%B8%81%E0%B8%A5%E0%B8%B1%E0%B8%9A%E0%B8%A1%E0%B8%B2%E0%B8%AD%E0%B8%B5%E0%B8%81%E0%B8%84%E0%B8%A3%E0%B8%B1%E0%B9%89%E0%B8%87%E0%B8%AB%E0%B8%A5%E0%B8%B1%E0%B8%87_4000_%E0%B8%9B%E0%B8%B5/10), [Russian](https://moykomiks.com/series/577944/) S.Chinese: [AC.QQ](https://ac.qq.com/Comic/comicInfo/id/656105), [BiliBili](https://manga.bilibili.com/det"
list2,7,Girl of the Wilds,Gadis Liar | Girl the Wild's | Girls of the Wild's | Las chicas de Wilds | Les filles sauvages | Shoujo of the Wild's | Sonyeo the Wild's | Sweet Combat | Merginos iš Laukinės mokyklos | วีน เหวี่ยง WILD มัธยมสาวพันธุ์ดุ | 少女・ザ・ワイルズ | 소녀 the Wild's,"Action, Comedy, Drama, Romance, Martial Arts, School Life, Shounen","Harem, Slice of Life, Sports","Boxing, Bullying, 21St Century, Abandoned Child/Ren, Absent Parent/S, Adapted To Chinese Drama, All-Girls School Becomes Integrated, Blackmail, Character Growth, Club/S",2011,2022,Manhwa,260 Chapters + Prologue (Complete) S1: 204 Chapters (1-204) S2: 56 Chapters (205-260),"Hun, Kang Full, Zhena",71,7.77,,AniList+Komiku+MangaUpdates,list2/07-girl-of-the-wilds.jpg,"Cerita mengikuti kehidupan Jaegu Song yang tiba-tiba diterima di sekolah seni bela diri elit setelah ibunya meninggalkan hutang besar kepada sekolah tersebut. Meski awalnya ia bukanlah tipe siswa yang aktif berolahraga, Jaegu perlahan mulai belajar dan beradaptasi dengan kerasnya dunia seni bela diri yang penuh dengan kompetisi dan tantangan. Selama perjalanan tersebut, Jaegu bertemu dengan para siswi tangguh yang dikenal sebagai 'Gadis Liar' yang memiliki kepribadian kuat dan kemampuan bela diri yang luar biasa. Bersama mereka, Jaegu tidak hanya berusaha mengatasi masa lalunya, tetapi juga menemukan arti persahabatan, keberanian, dan cinta sejati di tengah kerasnya kehidupan sekolah tersebut.","Wild's High has a 42-year history as a fighting specialized, girls only, private high school meant solely for the elite. It is also the place that Wild's-League is held: the most popular event in the country and the only place in the world where teenage girls have brutal fights with their lives on the line. One year the school changed from a girls only school to a mixed gender school. The only male student, Song Jae Gu, has been granted a full 3-year scholarship regardless of grades. Being someone who had to spend every moment either working or taking care of his younger brother and sister, he accepted. But after meeting Queen, the bloody champion of Wild's-League, drenching her in coffee, calling her a monster, and getting caught seeing her while she was taking a shower... his scholarship could prove fatal. **Original Webtoon:** [Naver Webtoon](http://comic.naver.com/webtoon/list.nhn?titleId=358422) **Official Translation:** [English](http://www.webtoons.com/en/action/girls-of-the-wilds/list?title_no=93), [Japanese](https://manga.line.me/product/periodic?id=Z0000242), [S.Chinese](https://www.dongmanmanhua.cn/LOVE/girls-of-the-wilds/list?title_no=237), [Spanish](https://www.webtoons.com/es/action/girls-of-the-wilds/list?title_no=1984), [Indonesian](https://m.webtoons.com/id/drama/girls-of-the-wilds/list?title_no=1374), [T.Chinese](https://www.webtoons.com/zh-hant/action/girls-of-the-wilds/list?title_no=157), [Thai](https://www.webtoons.com/th/action/girls-of-the-wilds/list?title_no=313)"
list2,8,Superhuman Era,Choinui Sidae | Era Manusia Super | Era of Overman | The Era of Overman | The Superhuman Era | Era of Überhuman | L'ère des surhommes | 超人的时代,"Action, Fantasy, Supernatural, Shounen","Adventure, Fight, Genius, Super Power","21St Century, Chimera, Gore, Male Protagonist, Muscular Female/S, School, Secret Identity, South Korea, Super Hero/Es, Super Power",2019,2026,Manhwa,244 Chapters (Ongoing) S1: 90 Chapters + Prologue + Epilogue (1-90) S2: 154 Chapters (91~),"-, Supp",78,7.54,,AniList+Komiku+MangaUpdates,list2/08-superhuman-era.jpg,"Ketika fenomena misterius membuat sebagian orang tiba-tiba terbangun dengan kemampuan di luar nalar, peta sosial dan ekonomi berubah total. Pemerintah membatasi pergerakan, korporasi memburu talenta, dan angka popularitas di dunia maya ikut menentukan siapa yang disebut pahlawan. Di tengah euforia itu, seorang pelajar yang selalu dianggap biasa mendadak memiliki kekuatan yang sulit dikendalikan. Ia harus belajar dari nol di jalanan kota yang kini jadi panggung duel, kontrak, dan tontonan live streaming. Seiring kekuatannya berkembang, ia paham bahwa menjadi manusia super bukan sekadar pamer aksi. Ada harga yang harus dibayar, dari privasi yang lenyap sampai intrik antar agensi dan kelompok bawah tanah. Bersama teman-teman dengan kemampuan berbeda, ia berusaha menjaga nurani sambil membongkar misteri asal-usul fenomena ini. Pilihannya akan menentukan apakah era manusia super jadi harapan baru, atau justru membuka babak kekacauan berikutnya.","When the xenoterran invasion began, the only ones who stood between us and the monstrous creatures were the superhumans. But while some chose to use this power for good, others had more sinister intentions. Kang Lim is a high school student with a secret -- he’s the vigilante superhero known as the White Cap, fighting back the mysterious monsters whenever he can. But the world he protects isn’t what it seems -- there is more to the emergence of the xenoterran than meets the eye, and strange forces are at play in the shadows... (*Source: WEBTOON*) **Original Webtoon:** [Naver Webtoon](https://comic.naver.com/webtoon/list.nhn?titleId=730694), [Naver Series](https://series.naver.com/comic/detail.series?productNo=4325208) **Official Translations:** [English](https://www.webtoons.com/en/super-hero/the-superhuman-era/list?title_no=6668), [Japanese](https://manga.line.me/product/periodic?id=Z0001251), [S.Chinese](https://www.dongmanmanhua.cn/BOY/chaorendeshidai/list?title_no=1604), [T.Chinese](https://www.webtoons.com/zh-hant/action/theeraofoverman/list?title_no=2877), [Thai](https://www.webtoons.com/th/action/overman/list?title_no=2817), [Indonesian](https://www.webtoons.com/id/action/overman/list?title_no=1743), [French](https://www.webtoons.com/fr/action/ere-des-surhommes/list?title_no=2992)"
list2,9,Judge Lee Han Young,Hakim Lee Han Young | Pansa Lee Han-Yeong | The Judge Returns | 판사 이한영,Drama,"Fantasy, Reincarnation, Seinen","Adapted To Kdrama, Age Regression, Based On A Novel, Betrayal, Corrupt Organization, Corruption, Court Politics, Courtroom, Episodic With Underlying Continuous Plot, Ex-Delinquent/S",2020,2025,Manhwa,227 Chapters + 1 Special + Review (Complete),"JEON Doldol, LEE Hae-nal, Lee Han Young, MOON Sung-Ho",59,6.7,,AniList+Komiku+MangaUpdates,list2/09-judge-lee-han-young.jpg,"Judge Lee Han Young mengisahkan perjalanan seorang hakim muda yang penuh integritas dalam menangani berbagai kasus hukum yang kompleks. Dengan ketegasan dan keadilan, ia menghadapi korupsi, penipuan, dan kejahatan sosial yang mengancam tatanan masyarakat. Dalam setiap persidangan, Lee Han Young berusaha membongkar kebenaran di balik setiap kasus, menghadapi tekanan dari berbagai pihak namun tetap menjaga prinsip keadilannya. Cerita ini menggambarkan sisi manusiawi seorang hakim yang tidak hanya mematuhi hukum tetapi juga memperjuangkan keadilan sejati untuk masyarakat luas.","Judge Lee, who believed justice could be realized in the courtroom, did not follow the orders of his superiors and sentenced the conglomerate to life in prison before being killed. But is it because of the shenanigans he heard as a child ? With all his memories, Lee gets a second life chance. The world needs him, Lee, the heretic of the judiciary, who knows only justice. **Original Novel:** [Chapters](https://series.naver.com/novel/detail.series?productNo=3149674), [Volumes](https://series.naver.com/novel/detail.series?productNo=3352275) **Original Webtoon:** [Naver Webtoon](https://comic.naver.com/webtoon/list.nhn?titleId=759567), [Naver Series](https://series.naver.com/comic/detail.nhn?productNo=5697075) **Official Translations:** [Japanese](https://manga.line.me/product/periodic?id=Z0001363), [Thai](https://www.webtoons.com/th/drama/judge-lee-han-young/list?title_no=8894)"
list2,10,Jungle Juice,Jugo de Jungla | Jugo de la jungla | Orman Suyu | Zumo de la selva | ジャングルジュース,"Action, Fantasy, Sci-Fi, Supernatural","Horror, Shounen","21St Century, Body Horror, College, Glasses-Wearing Male Lead, Heterosexual, Hidden Location, Human Becomes Nonhuman, Insect/S, Male Protagonist, Martial Arts",2020,2021,Manhwa,220 Chapters (Ongoing) + Side Stories *S1:* 83 Chapters (1\~83) + Afterword *S2:* 56 Chapters (84\~139) *S3:* 79 Chapters (140\~218) *Side Story:* 2 Chapters+ (219\~),"HYEONG EUN, JUDER, Jungle Juice Team",76,7.28,,AniList+Komiku+MangaUpdates,list2/10-jungle-juice.jpg,"Jungle Juice mengisahkan kehidupan seorang pemuda yang terjebak dalam dunia gelap perdagangan obat-obatan terlarang. Ia harus berjuang untuk bertahan hidup sekaligus mencari makna dari perjuangannya di tengah lingkungan yang keras dan penuh bahaya. Cerita ini menyoroti konflik batin dan tekanan sosial yang dihadapi oleh tokoh utama saat berhadapan dengan pilihan sulit yang harus diambil. Selain perjuangan pribadi, komik ini juga menggambarkan bagaimana lingkungan sekitar dan hubungan dengan orang-orang terdekat memengaruhi keputusan sang tokoh. Dengan latar belakang atmosfer urban yang keras, Jungle Juice berhasil menyajikan kisah yang menegangkan sekaligus menggugah pemikiran tentang konsekuensi dari tindakan dalam dunia yang penuh risiko.","Suchan Jang is an extraordinary college student at the top of the social food chain. But underneath the perfect facade, he hides a pair of insect wings that suddenly grew when he used a mysterious bug spray called ""Jungle Juice.” Suchan's life crumbles when he bares his wings to the world to save someone's life. When all hope seems lost, Suchan stumbles upon a hidden world of insect humans where everyone is accepted for what they are. But the law of the jungle governs this secret society and all must fend for themselves in order to survive. *Part of the Super String Universe.* **Original Webtoon:** [Naver Webtoon](https://comic.naver.com/webtoon/list.nhn?titleId=762279), [Naver Series](https://series.naver.com/comic/detail.nhn?productNo=5770955) **Official Translations:** [English](https://www.webtoons.com/en/action/jungle-juice/list?title_no=2480), [Japanese](https://manga.line.me/product/periodic?id=Z0001210&t=1652449088538), [German](https://m.webtoons.com/de/action/jungle-juice/list?title_no=3259), [French](https://m.webtoons.com/fr/action/jungle-juice/list?title_no=2614), [Spanish](https://m.webtoons.com/es/action/jungle-juice/list?title_no=3048), [T.Chinese](https://www.webtoons.com/zh-hant/action/junglejuice/list?title_no=2455), [Thai](https://www.webtoons.com/th/fantasy/jungle-juice/list?title_no=2630), [S.Chinese](https://m.dongmanmanhua.cn/episodeList?titleNo=1595), [Indonesian](https://m.webtoons.com/id/action/jungle-juice/list?title_no=2669)"
list2,11,This is the Law,Esta es la ley | Igeosi Beobida | Ini Hukumanya | Essa é a Lei | 이것이 법이다,Drama,"Action, Fantasy, Supernatural","Age Regression, Based On A Novel, Corruption, Crime, Delinquents, Lawyer/S, Male Protagonist, Rebirth, Regressed Male Lead, Regression",2021,2023,Manhwa,202 Chapters (Complete) **S1:** 44 Chapters (001\~044) **S2:** 46 Chapters (045\~090) **S3:** 38 Chapters (091\~128) **S4:** 32 Chapters (129\~161) **S5:** 42 Chapters (162\~202),"Inus studio, John Doe, LEE Kye-won, 자카예프",69,7.26,,AniList+Komiku+MangaUpdates,list2/11-this-is-the-law.jpg,"Komik ini mengajak pembaca menyelami dunia hukum melalui cerita yang menarik dan mudah dipahami. Setiap kasus yang diangkat mengilustrasikan bagaimana aturan hukum diterapkan dalam kehidupan sehari-hari, memberikan wawasan tentang pentingnya keadilan dan aturan yang benar. Tokoh utama menghadapi berbagai permasalahan yang menantang baik secara moral maupun hukum. Melalui pengalaman mereka, pembaca diajak untuk memahami nilai-nilai hukum serta konsekuensi dari setiap tindakan dalam konteks masyarakat modern.","“Defying fate and injustice, Noh Hyungjin returns to his childhood with extraordinary powers to rewrite his history and that of an entire nation.” Noh Hyungjin was an outstanding lawyer — graduated with honors from university, passed first in the Bar Exam and had a 95% success rate in his cases. Dedicated to fighting for a more just South Korea, his confrontation with powerful authorities ended up costing him his life, coldly murdered by an intelligence service agent. “A man who should not have died…” Noh Hyungjin, in fact, was an agent of good sent by the Jade Emperor himself to eradicate corruption on Earth. His early return to the underworld caused the Jade Emperor to send him back... “It is necessary to give him enough power so that he can protect his own life,” stated the Jade Emperor. What power would that be? Will he be able to change his destiny and the future of all of South Korea?! **Original Webtoon:** [KakaoPage](https://page.kakao.com/content/56854672), [Daum](https://webtoon.kakao.com/content/%EC%9D%B4%EA%B2%83%EC%9D%B4-%EB%B2%95%EC%9D%B4%EB%8B%A4/2671) **Official Translations:** [B.Portuguese](https://br.comikey.com/comics/essa-e-a-lei-webtoon/688/)"
list2,12,The Breaker New Waves,Penerobos Ombak Baru | The Breaker 2 | The Breaker: NW | The Breaker: Part 2 | The Breaker２（ブレイカー２） | Крушитель: Новые волны | ブレイカー2 | 브레이커NW,"Action, Comedy, Drama, Ecchi, Harem, Martial Arts, Romance, School Life, Shounen",,"Alliance/S, Anti-Hero, Blood And Gore, Bodyguard/S, Childhood Friend/S, Dead Family Member/S, Dead Love Interest, Dead Lover/S, Disciple/S, Enemies Become Allies",2010,2022,Manhwa,20 Volumes (Complete) 201 Chapters (Complete),"JEON Geuk-jin, Jeon Geuk-jin, PARK Jin-Hwan",81,8.57,,AniList+Komiku+MangaUpdates,list2/12-the-breaker-new-waves.jpg,"The Breaker New Waves melanjutkan kisah Shi-Woon Yi yang kini semakin matang dalam dunia bela diri setelah mengalami berbagai rintangan sulit. Ia menghadapi musuh-musuh baru yang kuat serta menemukan teman-teman yang mendukung dalam perjalanan untuk melindungi orang-orang yang ia sayangi. Konflik antara sekolah bela diri dan organisasi rahasia semakin memanas, memaksa Shi-Woon untuk terus berkembang dan menggali potensi terbesarnya. Di sisi lain, karakter-karakter pendukung juga mendapatkan peluang untuk berkembang dengan latar belakang serta motivasi masing-masing yang diperkenalkan lebih dalam. Cerita ini menyuguhkan perpaduan aksi, strategi, dan hubungan antar tokoh yang rumit, sehingga membuat pembaca terus terpikat dengan alur yang dinamis dan penuh kejutan.","In the aftermath of the desperate battle between Goomoonryong and the Martial Arts Alliance -- Yi Shioon's ki-center was destroyed by his own master Goomoonryong, leaving him unable to practice martial arts... Even though Shioon is no longer a murim-in, more assailants continue to pursue him. Through his encounter with Goomoonryong, the bullied boy has grown in to a respectable man. However, Shioon must now learn to survive in this chilly world of Murim without his master... [Web Publication](http://webtoon.daum.net/webtoon/view/BREAKER2)"
list2,13,Standard of Reincarnation,Hwansaengui Jeongseok | Standar Reinkarnasi | The Art of Reincarnation | The Essence of Reincarnation | Estándar de la Reencarnación | Les Défis de la réincarnation | 転生の定石,"Action, Drama, Fantasy, Shounen",Adventure,"Reincarnation, Abuse, Abuse Of Power, Abused Protagonist, Abusive Authority Figure/S, Abusive Family Member/S, Arrogant Character/S, Betrayal, Bullying, Competition/S",2022,2024,Manhwa,195 Chapters (Ongoing) **S1:** 54 Chapters (1\~54) **S2:** 44 Chapters (55\~98) **S3:** 36 Chapters (99\~134) **S4:** 34 Chapters (135\~168)\ **S5:** 27 Chapters (Ongoing) 169~ ,"Blue Jaeng-i, Builder, Kim Pyung-beom, Lee Sang-kyung",72,6.65,,AniList+Komiku+MangaUpdates,list2/13-standard-of-reincarnation.png,"Komik ini mengisahkan tentang kehidupan seorang pria yang tiba-tiba terlahir kembali di dunia lain dengan kekuatan luar biasa. Ia menggunakan pengetahuan dan kemampuan barunya untuk menghadapi berbagai tantangan, bertemu dengan makhluk magis, dan mengungkap misteri dunia baru tersebut. Dalam perjalanan hidupnya, ia belajar tentang arti kekuatan sejati dan nilai persahabatan yang tulus. Seiring waktu, sang protagonis mulai menyadari bahwa reinkarnasi bukan hanya sebuah keberuntungan, melainkan bagian dari rencana besar yang melibatkan takdir dunia. Ia harus menggunakan kecerdasan dan kekuatannya untuk melindungi dunia dari ancaman yang datang, sembari mencari jalan pulang ke kehidupan lamanya. Kisah ini sarat dengan aksi seru, perkembangan karakter yang mendalam, dan cerita yang membuat pembaca terus ingin tahu apa yang akan terjadi selanjutnya.","Despite having only one arm, Daven had finally proven his worth after defeating his cousin Kazin in honorable combat. But Kazin took advantage of Daven’s mercy, stabbing him in the back and imprisoning him for life. 500 years later, the minor god Yulian is reborn and unknowingly summons Daven’s soul into the body of a young boy named Vincent Adenca. As the pair work to reveal the truth of Daven and Kazin, Vincent must relearn the art of combat while Julian discovers the art of reincarnation. **Original Novel:** [KakaoPage](https://page.kakao.com/content/57108780), [Naver Series](https://m.series.naver.com/novel/detail.series?productNo=8160881), [Ridi](https://ridibooks.com/books/2057173321), [MrBlue](https://m.mrblue.com/novel/detail.asp?pid=E000087466) **Original Webtoon:** [Kakaopage](https://page.kakao.com/content/59770428), [Daum](https://webtoon.kakao.com/content/%ED%99%98%EC%83%9D%EC%9D%98-%EC%A0%95%EC%84%9D/3019) **Official Translations:** [English](https://tapas.io/series/the-art-of-reincarnation), [Japanese](https://jp.piccoma.com/web/product/125575), [Thai](https://th.kakaowebtoon.com/content/%E0%B8%AA%E0%B8%B9%E0%B8%95%E0%B8%A3%E0%B8%AA%E0%B8%B3%E0%B9%80%E0%B8%A3%E0%B9%87%E0%B8%88%E0%B9%81%E0%B8%AB%E0%B9%88%E0%B8%87%E0%B8%81%E0%B8%B2%E0%B8%A3%E0%B9%80%E0%B8%81%E0%B8%B4%E0%B8%94%E0%B9%83%E0%B8%AB%E0%B8%A1%E0%B9%88/530), [T.Chinese](https://tw.kakaowebtoon.com/content/%E8%BD%89%E4%B8%96%E5%AE%9A%E5%BE%8B/495)"
list2,14,Baek XX,Mr. Baek | White XX | 双頭の白蛇 | 白XX,"Action, Drama, Mature, Seinen",Martial Arts,"Male Protagonist, Revenge, Betrayal, Brother/S, Gangs, Protagonist Strong From The Start, Strong Male Lead, Twin/S, Twins, Webtoon/Webcomic",2023,2024,Manhwa,190 Chapters (Ongoing),"Baek XX, Byeongjang, Park Tae Joon, Park Tae-joon Cartoon Company, Punch Kick",70,7,,AniList+Komiku+MangaUpdates,list2/14-baek-xx.jpg,"Komik Baek XX mengikuti perjalanan seorang pemuda bernama Baek yang hidup di dunia modern yang penuh dengan tantangan dan tekanan sosial. Ia berusaha menemukan jati dirinya sambil menghadapi berbagai konflik pribadi dan sosial yang menguji keteguhan hatinya. Di tengah perjalanan tersebut, Baek bertemu dengan berbagai karakter yang membentuk pandangannya tentang kehidupan dan persahabatan. Cerita ini menggambarkan proses pertumbuhan dan pencarian makna hidup secara mendalam dan menyentuh hati pembaca dari berbagai kalangan.","Two twin brothers. Two opposite lives. In a world where loyalties are tested, alliances crumble, and moral ambiguities plague every decision, an elite HID agent discards his identity, becoming his twin brother--the boss of a major syndicate in Seoul. Gear up and step into the boots of Agent Baek and explore the twists in his gripping tale of blood and vengeance. **Original Webtoon:** [Naver Webtoon](https://comic.naver.com/webtoon/list?titleId=804862), [Naver Series](https://series.naver.com/comic/detail.series?productNo=9279492) **Official Translations:** [ English](https://webtoons.com/en/action/mr-baek/list?title_no=5437), [T.Chinese](https://webtoons.com/zh-hant/action/white-xx/list?title_no=5266), [Indonesian](https://www.webtoons.com/id/action/mr-baek/list?title_no=5286), [Thai](https://www.webtoons.com/th/action/mr-baek/list?title_no=5304), [French](https://www.webtoons.com/fr/action/mr-baek/list?title_no=5430), [Japanese](https://manga.line.me/product/periodic?id=Z0002947)"
list2,15,Bachelor’s Return,El retorno del aprendiz | Haksagwihwan | Return of the Bachelor | Return of the Scholar | 學士歸還,"Action, Fantasy, Historical, Martial Arts, Slice of Life","Ecchi, Isekai","Based On A Novel, Demons, Historical, Male Protagonist, Martial Arts, Webtoon/Webcomic",2020,2020,Manhwa,202 Chapters (Complete),"Oesol, So YooHyun",62,6.47,,AniList+BacaKomik+MangaUpdates,list2/15-bachelors-return.jpg,"Sarjana Ma Hyun, setelah hilang selama 10 tahun, kembali ke masyarakat sebagai guru yang kuat! Selagi menjadi guru, dia juga berusaha membersihkan organisasi jahat bernama Heukcheonbyeol. Dan dengan demikian, kehidupannya sebagai guru terkuat Joongwon terungkap sekarang!","Bachelor Ma Hyun, after being missing for 10 years, returns to society as a powerful master! While being a teacher, he's also trying to purge the evil organization named Heukcheonbyeol. And thus, his life as Joongwon's strongest teacher unfolds now! **Original Webtoon:** [KakaoPage](https://page.kakao.com/content/55531681), [Daum](https://webtoon.kakao.com/content/%ED%95%99%EC%82%AC%EA%B7%80%ED%99%98/2410) **Official Translations:** [English](https://tapas.io/series/return-of-the-scholar/info)"
list2,16,Office Worker Who Sees Fate,Pekerja Kantoran yang Melihat Takdir | The Office Worker Who Sees Destiny | Unmyeongeul Boneun Hoesawon | คนออฟฟิศนี้โหงวเฮ้งดีนะครับ,"Drama, Supernatural, Shounen","Action, Fantasy, Romance","Based On A Novel, Beautiful Female Lead, Blunt Male Lead, Discrimination, Enemies Become Allies, Fortune Teller, Leadership, Male Protagonist, Monk/S, Mysterious Past",2022,2024,Manhwa,186 Chapters (Ongoing) S1: 50 Chapters (1\~50) S2: 63 Chapters (51\~113) \ S3: 37 Chapters (114\~),"Im Seongwook, Minari, Youngwan (映完)",,6.67,,AniList+Komiku+MangaUpdates,list2/16-office-worker-who-sees-fate.png,"Cerita ini mengikuti kehidupan seorang pekerja kantoran biasa yang tiba-tiba mendapatkan kemampuan melihat takdir orang-orang di sekitarnya. Dengan wawasan unik ini, dia mulai menyadari betapa kompleks dan penuh liku kehidupan yang terjadi di balik rutinitas kantor yang tampak biasa. Namun kemampuan ini membawa tantangan tersendiri karena dia harus memutuskan kapan dan bagaimana menggunakan informasi tersebut tanpa merusak kehidupan orang lain. Seiring berjalannya waktu, sang protagonis belajar mengelola kemampuannya sambil mempertahankan hubungan sosial dan profesionalnya. Dalam perjalanannya, ia menghadapi berbagai konflik internal dan eksternal yang memaksa dia untuk mengevaluasi kembali makna sebenarnya dari takdir, pilihan, dan tanggung jawab pribadi. Cerita ini menggabungkan elemen drama dan misteri dengan sentuhan reflektif tentang kehidupan modern di lingkungan kerja.","A child born to become a shaman with the fate of putting the world in chaos. To let go of his greed and refuse god, he’s trying to become an ordinary office worker. Choi Yeonghoon is the one who can see destiny through physiognomy (face fortune reading) and fortune telling. Will he succeed in becoming an ordinary office worker? **Original Novel:** [Chapters](https://series.naver.com/novel/detail.series?productNo=4763865), [Volumes](https://series.naver.com/novel/detail.series?productNo=5829115) **Original Webtoon:** [Naver Webtoon](https://comic.naver.com/webtoon/list?titleId=797443), [Naver Series](https://series.naver.com/comic/detail.series?productNo=8655645) **Official Translations:** [Japanese](https://manga.line.me/product/periodic?id=Z0003501), [Indonesian](https://www.webtoons.com/id/drama/the-office-worker-who-sees-destiny/list?title_no=8298), [Thai](https://www.webtoons.com/th/drama/the-office-worker-who-sees-destiny/list?title_no=8506)"
list2,17,The Villain,Cheolbo | Cheolbo: [Villain] | El villano | Hermes | Hermes (Kgar) | Il Cattivo | La Terreur | Sang Penjahat | 徹保：Villain | 철보: [빌런],"Action, Drama","Mature, School Life, Seinen","Ensemble Cast, Gangs, School",2018,2022,Manhwa,160 Chapters (Complete),"Kgar, Song Hee-Jun",60,6.24,,AniList+Komiku+MangaUpdates,list2/17-the-villain.jpg,"Cerita ini mengikuti perjalanan seorang pria yang terlahir kembali sebagai antagonis dalam dunia yang penuh intrik dan ambisi. Meski diberi label sebagai penjahat, ia berusaha mencari jalannya sendiri dengan memanfaatkan pengetahuan masa lalunya untuk mengubah takdir yang telah ditetapkan. Dalam perjalanannya, ia menghadapi berbagai konflik yang tidak hanya menguji kekuatannya, tetapi juga keyakinan dan moralitasnya. Di tengah pergolakan politik dan persaingan antar keluarga besar, sang tokoh utama berjuang untuk membuktikan bahwa ia mampu lebih dari sekadar musuh yang diharapkan banyak pihak. Dengan kecerdasan dan strategi yang matang, ia menavigasi dunia yang berbahaya, membangun aliansi dan menghadapi pengkhianatan demi meraih kebebasan dan pengakuan sejati.","The top dog of Busan is moving to Seoul. Will he be able to take over the new city? **Original Webtoon:** [Toomics](https://www.toomics.com/uplmscg/episode/toon/5046), [KakaoPage*](https://page.kakao.com/content/55148616) **Official Translations:** [English](https://toomics.com/en/webtoon/episode/toon/5046), [S.Chinese](https://toomics.com/sc/webtoon/episode/toon/5046), [T.Chinese](https://toomics.com/tc/webtoon/episode/toon/5046), [Spanish (LA)](https://toomics.com/mx/webtoon/episode/toon/5046), [Italian](https://toomics.com/it/webtoon/episode/toon/5046), [Spanish (ES)](https://toomics.com/es/webtoon/episode/toon/5046), [German](https://toomics.com/de/webtoon/episode/toon/5046), [French](https://toomics.com/fr/webtoon/episode/toon/5046), [Japanese](https://toomics.com/jp/webtoon/episode/toon/5046) (*): KakaoPage combined season 1+2 together."
list2,18,Guard Pass,가드패스,"Action, Drama, Martial Arts, School Life","Ecchi, Isekai, Seinen, Shounen","Bullying, Male Protagonist, Revenge, Boxing, Bullied Male Lead, Bully/Ies, Childhood Friend/S, Childhood Love, Comedic Undertone, Crime",2021,2021,Manhwa,162 Chapters (Ongoing),Oh son do son,70,6.79,,AniList+BacaKomik+MangaUpdates,list2/18-guard-pass.png,"Lim Sejun yang suka makan, bertubuh gemuk dan bertubuh besar. Dia memiliki harga diri yang tinggi dan kepribadian yang tegas yang bahkan tidak peduli digoda karena gemuk. Dia hanya punya satu teman, 'Seo Hajin'. Dia selalu belajar Jiujitsu untuk melindungi Sejun sejak kecil. Suatu hari, Sejun mempunyai masalah dengan anak nakal di kelas yang sama, dan Hajin melihatnya dan menghancurkan anak nakal itu. Namun suatu malam, Hajin ditemukan dipukuli parah dan menderita cedera lutut parah serta trauma psikologis yang lebih serius. Sejun mencoba memberi tahu polisi, tapi saat penyelidikan tidak menghasilkan banyak kemajuan, dia tidak bisa mengendalikan amarahnya dan pergi mencari pelakunya sendiri, tapi dia dikalahkan oleh berandalan yang mempelajari Jiujitsu dan tidak menemukan apa pun. Kemudian dia belajar Jiujitsu dari seorang pria bernama 'Jason' yang menyelamatkannya. Tiga bulan kemudian, Sejun, yang belajar Jiujitsu dan menurunkan berat badan, mengetahui bahwa ada kelompok terselubung yang terlibat, dan ingin menghancurkannya. Sebuah drama aksi sekolah yang menggambarkan balas dendam individu.","While Sejun Im settles things with his fists, his best friend, Hajin Seo, eats and breathes grappling. Together, they fend off bullies on their school campus, but everything changes after a fight that sets Sejun on a mission to hold those responsible accountable for their crimes. What began as a schoolroom brawl quickly turns into a fight for justice and truth as Sejun hits the streets looking for any leads as to what happened on that fateful day. **Original Webtoon:** [Daum](https://webtoon.kakao.com/content/%EA%B0%80%EB%93%9C%ED%8C%A8%EC%8A%A4/2511), [KakaoPage](https://page.kakao.com/content/60374537) **Official Translations:** [English](https://tapas.io/series/guard-pass/info), [Japanese](https://jp.piccoma.com/web/product/123570)"
list2,19,Nano List,Daftar Nano | 나노리스트,"Action, Sci-Fi, Romance","Drama, School Life, Shounen, Tragedy","Android/S, Artificial Intelligence, Bodyguard/S, Dead Family Member/S, Dead Sibling/S, Family Life, Fight/S, Maids, Robots, School",2016,2021,Manhwa,146 Chapters + Special Edition + Review (Complete),"MIN SONGA, Min Song A",74,7.75,,AniList+Komiku+MangaUpdates,list2/19-nano-list.jpg,"Cerita ini mengisahkan tentang seorang pria biasa yang secara misterius mendapatkan kekuatan luar biasa melalui sebuah daftar Nano, yang memberinya kemampuan untuk menguasai berbagai kemampuan super. Saat mencoba memahami kekuatan baru ini, ia terjerat dalam konflik dengan berbagai pihak yang ingin menguasai atau menghancurkan daftar tersebut. Dalam perjalanannya, ia harus menghadapi tantangan yang menguji ketangguhan fisik dan mentalnya, serta membangun hubungan dengan sekutu yang muncul secara tak terduga. Seiring waktu berjalan, sang protagonis semakin menyadari bahaya dan tanggung jawab besar yang datang bersama kekuatannya. Selain menghadapi musuh yang berusaha mencuri gunakan kekuatan itu untuk tujuan gelap, ia juga berusaha mencari tahu asal usul daftar Nano dan tujuan sebenarnya dari kekuatan yang diberikan. Ketegangan cerita ini terus meningkat dengan plot twist yang menarik, menjadikan perjalanan sang protagonis semakin penuh aksi dan pembelajaran pribadi.","Milo lives in a world where interacting with androids is completely normal. And now, he lives with *two* androids built by his sister. How safe is he living with androids who have deadly strength? Why did his sister gift him a ""bodyguard android?"" Well, he's about to find out the hard way. - LINE Webtoon **Original Webtoon:** [Naver Webtoon](http://comic.naver.com/webtoon/list.nhn?titleId=670150) **Official Translation:** [English](http://www.webtoons.com/en/action/nano-list/list?title_no=700), [S.Chinese](https://dongmanmanhua.cn/BOY/naluodemingdan/list?title_no=653), [T.Chinese](https://webtoons.com/zh-hant/fantasy/naluodemingdan/list?title_no=652), [French](https://webtoons.com/fr/fantasy/nano-list/list?title_no=2228), [German](https://www.webtoons.com/de/fantasy/nano-list/list?title_no=2952), [Indonesian](https://www.webtoons.com/id/fantasy/nano-list/list?title_no=654), [Japanese](https://manga.line.me/product/periodic?id=Z0000245), [Thai](https://webtoons.com/th/fantasy/nano-list/list?title_no=661)"
list2,20,Overpowered Sword,Disciple of the Holy Sword | Geomppallo Level Up | Leveling Up With The Sword | Pedang Superkuasa | L'Élu de l'épée sacrée | 剣任せでレベルアップ,"Action, Fantasy, Adventure, Shounen, Supernatural","Demons, Drama, Martial Arts","Academy, Defying Destiny/Fate, Determined Male Lead, Determined Protagonist, Heterosexual, Legend/S, Male Protagonist, Mentor/S, Nobility/Aristocracy, Prophecy/Ies",2022,2023,Manhwa,144 Chapters (Hiatus) S1: 84 Chapters (1-84) S2: 60 Chapters (86-144) S3: TBD,"BOL×BAE, ELDO, MKR (메켄로), Youngjoon",71,7.26,,AniList+Komiku+MangaUpdates,list2/20-overpowered-sword.png,"Cerita ini mengisahkan tentang seorang pemuda yang secara tiba-tiba mendapatkan sebuah pedang dengan kekuatan luar biasa setelah mengalami kejadian misterius. Dengan pedang tersebut, dia harus menghadapi berbagai rintangan dan musuh yang kuat untuk melindungi dunia dari ancaman kegelapan. Sepanjang perjalanannya, sang tokoh utama belajar tentang tanggung jawab dan arti kekuatan sejati. Dia juga bertemu dengan berbagai karakter yang membantunya memahami masa lalu pedang tersebut serta tujuan sebenarnya dari kekuatan yang dia miliki.","Though Leon has years' worth of training in swordsmanship, it's still not enough to defeat his rival at the royal academy, Lionel. That is until one day, the holy sword Elsyd appears and names Leon as his chosen hero and new pupil. The young swordmaster didn't expect the holy sword's instruction to be easy, but now Elsyd is even trying to teach him how to... see? If Leon can manage to endure this, will he finally be strong enough to beat the privileged Lionel and earn his place in the world? **Original Webtoon:** [KakaoPage](https://page.kakao.com/content/59442718), [Daum](https://webtoon.kakao.com/content/%EA%B2%80%EB%B9%A8%EB%A1%9C-%EB%A0%88%EB%B2%A8%EC%97%85/2922) **Official Translations:** [English](https://tapas.io/series/disciple-of-the-holy-sword/info), [Japanese](https://jp.piccoma.com/web/product/117542)"
list2,21,Soul Cartel,Kartel Nyawa | Perjanjian Jiwa | Sielos Kartelis | 소울 카르텔,"Action, Adventure, Comedy, Fantasy, Supernatural, Martial Arts, Shounen",Tragedy,"Absent Parent/S, Angel/S, Based On A Classic, Contract/S, Devil/S, Giant/S, Hell, Hidden Potential, Medium, Monster/S",2012,2020,Manhwa,223 Chapters + Afterwards (Complete),"Haram (KIM Eun-hyo), Jiya (KIM Yeong-ji), Kim Eun-hyo",68,7.21,,AniList+Komiku+MangaUpdates,list2/21-soul-cartel.jpg,"Soul Cartel bercerita tentang seorang pemuda bernama Siwon yang secara tidak sengaja mendapatkan kemampuan untuk melihat dan berinteraksi dengan roh. Ketika dia berusaha memahami kekuatan barunya, Siwon menghadapi berbagai konflik yang melibatkan iblis dan makhluk supranatural. Dalam perjalanannya, dia bertemu dengan Kharon, pengambil jiwa yang menjalin kerja sama dengannya untuk menghadapi ancaman lebih besar. Dalam dunia yang penuh dengan kesepakatan roh dan kekuatan supernatural, Siwon harus menyeimbangkan antara kehidupan normal dan tanggung jawab barunya. Melalui petualangan dan pertarungannya, ia belajar arti persahabatan, pengorbanan, serta melawan kekuatan gelap yang berusaha mengancam seluruh dunia manusia dan alam roh.","Sihoon is a boy who lost his parents and lives with his older sister. This story begins as he meets Mephisto that came to the world to find Faust and makes a deal with Mephisto to supervise the fights between Mephistopheles and Faust. **Original Webtoon:** [Naver Webtoon](http://comic.naver.com/webtoon/list.nhn?titleId=423384), [Naver Series](https://series.naver.com/comic/detail.series?productNo=2173252) **Official Translations:** [English](http://www.webtoons.com/en/fantasy/soul-cartel/list?title_no=72)"
list2,22,Star-Embracing Swordmaster,Byeol eul Pumeun Swordmaster | Byeoreul Pumeun Swordmaster | El maestro de la espada acogedor de estrellas | Maestro de espadas estelar | Pendekar Pedang yang Memeluk Bintang | Star-Fostered Swordmaster | The Stellar Swordmaster | ยอดนักดาบผู้โอบอุ้มดารา,"Action, Fantasy, Adventure","Drama, Martial Arts, Shounen, Supernatural","Magic, Male Protagonist, Revenge, Based On A Novel, Coming Of Age, Conspiracy, Curse/S, Death, Forced Pregnancy, Ghost",2023,2024,Manhwa,140 Chapters (Ongoing) **S1:** 96 Chapters + Review (1\~96) **S2:** 35 Chapters (97\~),"Hong Daeui, Juno, Q10, Sung San-young",82,8.21,,AniList+Komiku+MangaUpdates,list2/22-star-embracing-swordmaster.jpg,"Cerita ini mengikuti perjalanan seorang pendekar muda yang memiliki kekuatan luar biasa dari bintang. Ia berkelana untuk menemukan jati dirinya sekaligus melindungi dunia dari ancaman kegelapan yang semakin membesar. Di sepanjang perjalanannya, ia bertemu dengan sekutu dan musuh yang menguji keberanian serta tekadnya. Melalui beragam pertarungan dan pengalaman, sang pendekar belajar bahwa kekuatan sejati bukan hanya berasal dari kemampuan fisik, tapi juga dari hati dan semangat yang tidak pernah menyerah. Kisah ini menampilkan perpaduan antara aksi seru dan pelajaran tentang pengorbanan serta persahabatan yang mendalam.","The so-called “Lighthouse of the North,” the prosperous trading town of Schoarra, hides a dark underbelly: seedy slums ruled by five ruthless crime bosses. When streetwise orphan Vlad finds the brothel he works for decimated by a disgraced knight, he turns to the path of the blade, pledging himself to the pursuit of power by sword. Blessed with the ability to seek wisdom from his sentient sword, Vlad embarks upon a journey of growth and peril as swordsman in service to the powerful House Vayezid. **Original Novel:** [Chapters](https://series.naver.com/novel/detail.series?productNo=6307545), [Volumes](https://series.naver.com/novel/detail.series?productNo=8807496) **Original Webtoon:** [Naver Webtoon](https://comic.naver.com/webtoon/list?titleId=816809), [Naver Series](https://series.naver.com/comic/detail.series?productNo=10180561) **Official Translations:** [English](https://www.webtoons.com/en/action/the-stellar-swordmaster/list?title_no=5988), [S.Chinese](https://www.dongmanmanhua.cn/BOY/xingjiandashi/list?title_no=2678), [T.Chinese](https://www.webtoons.com/zh-hant/fantasy/the-stellar-swordmaster/list?title_no=6014), [French](https://www.webtoons.com/fr/fantasy/the-stellar-swordmaster/list?title_no=6127), [German](https://www.webtoons.com/de/fantasy/the-stellar-swordmaster/list?title_no=7943), [Indonesian](https://www.webtoons.com/id/fantasy/the-stellar-swordmaster/list?title_no=5857), [Japanese](https://manga.line.me/product/periodic?id=Z0003264), [Spanish](https://www.webtoons.com/es/fantasy/the-stellar-swordmaster/list?title_no=9362), [Thai](https://www.webtoons.com/th/fantasy/the-stellar-swordmaster/list?title_no=5916)"
list2,23,The Long Way of the Warrior,Dolgii Put Viona | El largo camino del guerrero | Musa Mallihaeng | Musa Manrihaeng | Musamanlihaeng | Perjalanan Panjang Sang Pejuang | The Long Way of a Warrior | 무사만리행,"Adventure, Action, Drama, Historical, Martial Arts, Seinen",,"Historical, Martial Arts, Roman Empire, Slavery, Survival, Tragedy",2020,2022,Manhwa,235 Chapters (Ongoing) S1: 188 Chapters + Review (Complete) S2: Prologue + 189-235,"BAE Minki, Kenji Nakamura, Woon",64,6.59,,AniList+Komiku+MangaUpdates,list2/23-the-long-way-of-the-warrior.jpg,"Komik ini mengisahkan tentang perjalanan seorang pejuang muda yang meninggalkan desanya untuk mencari makna sebenarnya dari kekuatan dan keberanian. Dalam perjalanannya, ia menghadapi berbagai rintangan dan bertemu dengan sekutu maupun musuh yang membentuk karakter dan prinsipnya sebagai pejuang sejati. Selain perjuangannya menghadapi ancaman eksternal, pejuang tersebut juga berjuang melawan konflik batin dan keraguan diri yang memicu pertumbuhan pribadi. Cerita ini menunjukkan bahwa menjadi seorang pejuang bukan hanya soal kehebatan dalam bertarung, tetapi juga soal keteguhan hati dan nilai-nilai yang dipegang teguh sepanjang hidup.","In the second half of the 2nd century, Naru, a warrior from the Mahan tribal union of Goguryeo, is sold as a gladiator slave to the Roman Empire and wages a desperate struggle for freedom. **Original Webtoon:** [Naver Webtoon](https://comic.naver.com/webtoon/list.nhn?titleId=746857), [Naver Series](https://series.naver.com/comic/detail.nhn?productNo=5173965) **Official Translations:** [S.Chinese](https://www.dongmanmanhua.cn/BOY/wushiwanlixing/list?title_no=1606), [T.Chinese](https://www.webtoons.com/zh-hant/martial-arts/the-long-way-of-the-warrior/list?title_no=3455)"
list2,24,Genius of the Unique Lineage,Extraordinary Descent Genius | Genie der Ultra-Klasse | Gyugyeok Oe Hyeoltong Cheonjae | Jenius dari Garis Keturunan Unik | Prodige Hors Norme | The Perfect Hybrid | Gênio de Linhagem Única | 規格外の血統天才,"Action, Fantasy, Adventure","Comedy, Martial Arts, Shounen, Supernatural","Male Protagonist, Based On A Novel, Gateway/S, Government Agency, Handsome Male Lead, Hard-Working Protagonist, Hiding Power/S, Hybrid/S, Immortal Character/S, Immortal Protagonist",2022,2023,Manhwa,152 Chapters + Prologue (Completed) **S1:** 50 Chapters (1-50) **S2:** 52 Chapters (51-102) **S3:** 50 Chapters (103-152),"Clover/KKUDADAK, Yoo Han, ZAINO, soulpung",68,6.97,,AniList+Komiku+MangaUpdates,list2/24-genius-of-the-unique-lineage.jpg,"Cerita ini mengikuti perjalanan seorang pemuda yang lahir dari garis keturunan yang unik dan penuh rahasia, yang diwariskan secara turun temurun. Meski awalnya hidup sederhana, ia mulai menyadari kekuatan luar biasa yang dimilikinya yang dapat mengubah nasib keluarganya dan dunia di sekitarnya. Di tengah konflik dan intrik yang melibatkan berbagai pihak, sang tokoh utama harus memanfaatkan kecerdasannya untuk mengatasi tantangan dan menguak misteri asal usulnya. Perjalanan ini membawanya pada pertumbuhan pribadi dan pemahaman lebih dalam tentang kekuatan yang diwariskan dari leluhur mereka.","Earth had been invaded by creatures from another dimension, and it has been a few years since peace was restored, thanks to the help of various supernatural humans that revealed themselves during this invasion. Gwangik Yu, our protagonist, was born between two supernatural parents. His father is an immortal while his mother is a transformer with exceptional physical abilities along with the power to transform into beasts. Neither parent, however, is aware of each spouse’s power and both want Gwangik to follow in their footsteps. (From [Line Webtoon](/group/1ohgbpm/line-webtoon)) **Original Webtoon:** [Naver Webtoon](https://comic.naver.com/webtoon/list?titleId=798331), [Naver Series](https://series.naver.com/comic/detail.series?productNo=8720509) **Official Translations:** English ([Tappytoon](https://www.tappytoon.com/en/book/the-perfect-hybrid), [LINE Webtoon](https://www.webtoons.com/en/action/the-perfect-hybrid/list?title_no=5050)), [Japanese](https://manga.line.me/product/periodic?id=Z0002660), [S.Chinese](https://www.dongmanmanhua.cn/FANTASY/feifandexuetongtiancai/list?title_no=2267), [T.Chinese](https://www.webtoons.com/zh-hant/fantasy/the-perfect-hybrid/list?title_no=4932), [Thai](https://www.webtoons.com/th/fantasy/the-perfect-hybrid/list?title_no=5257), [Indonesian](https://www.webtoons.com/id/fantasy/the-perfect-hybrid/list?title_no=5416), [French](https://www.webtoons.com/fr/fantasy/prodige-hors-norme/list?title_no=5582), [German](https://www.webtoons.com/de/action/ultra-class-genius/list?title_no=5167)"
list2,25,Reincarnation Of The Veteran Soldier,La nueva vida del soldado veterano | Mallyeonyongsa | Reinkarnasi Prajurit Veteran | Summoned Soldier | 말년용사,"Action, Drama, Fantasy, Shounen","Adventure, Comedy, Supernatural, Tragedy","Male Protagonist, Anti-Hero, Army/Ies, Arrogant Character/S, Atypical Art Style, Big Breasts, Comedic Facial Expressions, God/S, Goddess/Es, Hatred",2021,2022,Manhwa,206 Chapters (Ongoing) S1: 68 Chapters S2: 110 Chapters S3: 28 Chapters (Ongoing),"Hooding, Jinwoo Lee, Sinmani",74,6.69,,AniList+Komiku+MangaUpdates,list2/25-reincarnation-of-the-veteran-soldier.png,"Komik ini mengisahkan seorang prajurit veteran yang meninggal dunia dan terlahir kembali di dunia yang berbeda dengan kemampuan bertarung yang luar biasa. Ia bertekad untuk menggunakan pengalaman dan kekuatannya agar dapat melindungi orang-orang yang dicintainya serta menghadapi berbagai ancaman baru yang menguji keberanian dan ketangguhannya. Dalam perjalanannya, sang prajurit menghadapi berbagai konflik mulai dari peperangan antar kerajaan hingga intrik politik yang rumit. Dengan keahlian militer yang mumpuni dan strategi jitu, ia berusaha mengubah nasibnya dan dunia di sekitarnya demi menciptakan kedamaian yang sejati.","Army veteran's last go at the obstacle course turns lethal after a simple fall. A goddess presents an opportunity at new life as a hero! The protagonist ain't having any of it, he was supposed to retire and become a civilian. The arrogant Goddess drops him down to survive while having her own evil schemes. How will his new life progress after encountering another Goddess, a spy and his past life's junior? **Original Webtoon:** [Naver Webtoon](https://comic.naver.com/webtoon/list?titleId=773916), [Naver Series](https://series.naver.com/comic/detail.series?productNo=6312602) **Official Translations:** [Japanese](https://manga.line.me/product/periodic?id=Z0004347)"
list2,26,Reincarnated War God,Dewa Perang yang Bereinkarnasi | God of War (codezero) | Pungunjeonsin | The God of War | 风云战神,"Adventure, Fantasy, Historical, Martial Arts, Supernatural","Action, Drama, Magic, Reincarnation","Abuse, Abuse Of Power, Assassination Attempt/S, Assassination/S, Broken Engagement/S, Brother/S, Capable Male Lead, Capable Protagonist, Corrupt Organization, Corruption",2020,2021,Manhwa,110 Chapters (Complete),"HAN Yeoreum, Lim Jaeyong, Yu Dong Ge, codezero",63,6.45,,AniList+Komiku+MangaUpdates,list2/26-reincarnated-war-god.jpg,"Seorang prajurit legendaris yang dikenal sebagai Dewa Perang terlahir kembali di dunia modern dengan ingatan dan kemampuan dari kehidupan sebelumnya. Ia menghadapi berbagai tantangan sambil mencoba menyesuaikan diri dengan kehidupan baru namun tetap mempertahankan keahliannya dalam bertarung dan strategi perang. Dalam perjalanan hidup barunya, ia berusaha mengungkap segala misteri yang menghubungkan kehidupannya di masa lalu dengan dunia sekarang. Bersama sekutu dan musuh baru, Dewa Perang bereinkarnasi ini tidak hanya berjuang untuk bertahan, tetapi juga berusaha melindungi orang-orang yang penting baginya dari ancaman berbahaya yang mengintai.","The master martial artist, Jinwoon, has already gone through two life cycles to defeat the menacing Lord of the Nine Heavenly Mercy Palace. In his first life, he couldn’t even come close to his goal. In his second life, he died just before he could put the long martial arts war to an end. Now in his third life, he wakes up ten years in the past as Seomun Bi, the second son of the Seomun Clan and the younger brother of the sword master, Seomun Hui. With his newfound resources, he begins his training to become the exalted God of War once more. Will he finally be able to destroy his great enemy in this life? **Original Webtoon:** [KakaoPage](https://page.kakao.com/content/54254274), [Ridibooks](https://ridibooks.com/books/1962128729), [MrBlue](https://www.mrblue.com/webtoon/wt_000063901), [Naver Series](https://series.naver.com/comic/detail.series?productNo=11226869), [Lezhin](https://www.lezhin.com/ko/comic/pwjs), [Toptoon](https://toptoon.com/comic/ep_list/The_God_of_War?p_id=pp_1601_001) **Official Translations:** English: [Tappytoon](https://www.tappytoon.com/en/book/the-god-of-war), [Dashtoon](https://dashtoon.com/comics/read/the-god-of-war_SHOaZXDDFWkXgw82E3b), [HyperComic](https://play.hypercomic.io/Webtoon/episode/72/), [VoyceMe](https://www.voyce.me/series/the-god-of-war), [MangaPlaza](https://mangaplaza.com/title/0303011519/), [Toomics](https://toomics.com/en/webtoon/episode/toon/8882) Others: [S.Chinese](https://manga.bilibili.com/detail/mc28569), [Russian](https://moykomiks.com/series/817908/), [German](https://www.lezhinde.com/detail/dad_2000203)"
list2,27,Juvenile Prison,Juvenile Detention Center | Penjara Remaja | Sonyeon Gyodoso | เยาวชนคนคุก,"Action, Drama","Martial Arts, School Life, Seinen","Abusive Father, Attempted Murder, Betrayal, Blood And Gore, Childhood Friend/S, Childhood Promise, Corrupt Organization, Deceptively Weak-Looking Male Lead, Deceptively Weak-Looking Protagonist, Flashback/S",2024,2025,Manhwa,72 Chapters (Ongoing),"Cheongmin, Han Yu Sang, Lee Soo Hyun",64,6.65,,AniList+Komiku+MangaUpdates,list2/27-juvenile-prison.jpg,"Juvenile Prison mengisahkan tentang kehidupan sekelompok remaja yang terjerat dalam sistem pemasyarakatan karena berbagai alasan yang kompleks. Mereka harus menghadapi kerasnya kehidupan di dalam penjara yang dipenuhi dengan konflik antar penghuni serta tantangan untuk mempertahankan harapan dan identitas diri. Selain perjuangan bertahan hidup, cerita ini juga mengeksplorasi dinamika sosial dan emosional di antara para tahanan muda tersebut, termasuk kisah persahabatan, pengkhianatan, serta upaya mereka untuk berubah dan mencari jalan keluar demi masa depan yang lebih baik.","Juyeong is in a juvenile detention center for the attempted murder of his father, Gang-ryong. He clings to hope, dreaming of a future in Seoul with his childhood friend, Dayeon. But everything shatters when Dayeon is tragically killed by a rogue truck, and the devastation deepens when Juyeong learns that his father was behind the wheel. In a cruel twist, Gang-ryong regains consciousness and offers Juyeong an ultimatum: “If you want revenge, become the king of this detention center!” Now, Juyeong must navigate the treacherous world of prison politics, determined to rise to power and avenge his friend. *(Source: LINE Webtoon)*. **Original Webtoon:** [Naver Webtoon](https://comic.naver.com/webtoon/list?titleId=827335), [Naver Series](https://series.naver.com/comic/detail.series?productNo=11270032) **Official Translations:** [English](https://www.webtoons.com/en/action/juvenile-detention-center/list?title_no=6996), [T.Chinese](https://www.webtoons.com/zh-hant/action/juvenile-detention-center/list?title_no=6974), [Thai](https://www.webtoons.com/th/action/juvenile-detention-center/list?title_no=6842), [Indonesian](https://www.webtoons.com/id/action/juvenile-cetention-center/list?title_no=6779), [Japanese](https://manga.line.me/product/periodic?id=Z0003691)"
list2,28,The Boxer,Der Boxer | El boxeador | Petinju | ザ・ボクサー,"Drama, Sports, Action, Shounen","Martial Arts, Thriller","Boxing, Time Skip, Abandoned Child/Ren, Abusive Parent/S, Athletics, Bullying, Cold Protagonist, Genius/Es, Male Protagonist, Martial Arts",2019,2021,Manhwa,104 Chapters + 10 Special Chapters + 19 Side Stories + Afterword (Complete) 13 Volumes (Complete),"JH, JH (Jeong Ji-Hun)",83,8.36,,AniList+Komiku+MangaUpdates,list2/28-the-boxer.jpg,"Cerita ini mengisahkan Yoon Jiho, seorang pemuda dengan bakat tinju luar biasa, namun memiliki kepribadian yang dingin dan tertutup. Setelah mengalami masa kecil yang penuh kesulitan dan penolakan, Jiho menemukan dunia tinju sebagai pelarian dan cara untuk membuktikan dirinya. Perjalanan Jiho bukan hanya tentang meraih kemenangan di atas ring, tetapi juga mencari makna keberanian dan harga diri. Dalam perjalanan kariernya, Jiho menghadapi berbagai lawan berat dan tantangan mental yang menguji ketangguhan serta semangatnya. Selain itu, hubungan dengan pelatih serta teman-temannya perlahan membuka sisi lembut dan kemanusiaan dalam dirinya, menunjukkan bahwa tinju bagi Jiho adalah lebih dari sekadar olahraga, melainkan cara untuk menyembuhkan luka masa lalu dan menemukan jati diri.","From Line Webtoons: You’ve got the raw talent. Or you’re the underdog. But do you have the heart? Do you have what it takes? Let’s see what you’re made of. The real fight starts now! **Original Webtoon:** [Naver Webtoon](https://comic.naver.com/webtoon/list?titleId=736989), [Naver Series](https://series.naver.com/comic/detail.series?productNo=4663817) **Official Translations:** [English](https://www.webtoons.com/en/action/the-boxer/list?title_no=2027), [Japanese](https://manga.line.me/product/periodic?id=Z0000747), [Spanish](https://www.webtoons.com/es/sports/the-boxer/list?title_no=2544), [S.Chinese](https://www.dongmanmanhua.cn/BOY/quanjishou/list?title_no=1482), [T.Chinese](https://www.webtoons.com/zh-hant/drama/theboxer/list?title_no=2562), [Thai](https://www.webtoons.com/th/action/the-boxer/list?title_no=1926), [Indonesian](https://www.webtoons.com/id/action/the-boxer/list?title_no=1896), [French](https://www.webtoons.com/fr/action/the-boxer/list?title_no=2037), [German](https://www.webtoons.com/de/action/the-boxer/list?title_no=2591)"
list2,29,The Invincible Man,A Better Tomorrow (Cyungchan Noh) | El hombre invencible | Manusia Tak Terkalahkan | Moojokja | 無籍者,"Action, Drama, Martial Arts, Seinen","Supernatural, Tragedy","Blood And Gore, Father And Daughter, Fatherhood, Martial Artist/S, Middle-Aged Protagonist, Reincarnation",2022,2022,Manhwa,101 Chapters + 72 Side Story Chapters (Complete),"Cyungchan Noh, Hwi, John Doe, Lim Jun-Wook",63,7.09,,AniList+Komiku+MangaUpdates,list2/29-the-invincible-man.jpg,"The Invincible Man menceritakan kisah seorang pria bernama Arka yang mendapatkan kekuatan luar biasa setelah sebuah eksperimen ilmiah yang tidak terduga. Dengan kekuatan tersebut, Arka memutuskan untuk melindungi kota dari berbagai ancaman yang membahayakan warga, termasuk penjahat dan makhluk misterius. Namun, kekuatan besar juga membawa konsekuensi yang tidak mudah. Arka menghadapi dilema moral dan tekanan pribadi saat ia mencoba menyelamatkan orang lain tanpa kehilangan jati dirinya. Perjalanan Arka mengungkap rahasia di balik asal usul kekuatannya dan menggali arti sebenarnya dari keberanian dan pengorbanan.","Im Hwapyung. A man who wants to live a normal life like his name. Everything he had in his mundane life was destroyed. [Your love has become my loathing.] You shouldn’t have messed with me in the first place. You should have just let me live a quiet life. And now he has began his move that none of his nemesis will survive his wrath. **Original Novel:** [KakaoPage](https://page.kakao.com/content/60552432) **Original Webtoon:** [Daum](https://webtoon.kakao.com/content/%EB%AC%B4%EC%A0%81%EC%9E%90/3014), [KakaoPage](https://page.kakao.com/content/60557405) **Official Translations:** [Japanese](https://piccoma.com/web/product/146231)"
list2,30,Millennium Spinning,Cheonnyeonbangsa | Necromancer of a Thousand Years | The Great Successor-Sowol | The Millenium Alchemist | The Millennium Alchemist | 千年方士,"Action, Fantasy, Drama, Historical, Martial Arts, Shounen","Ecchi, Isekai","Cultivation, Age Progression, Alchemy",2021,2021,Manhwa,100 Chapters (Complete),"Dalhan, Eichitu",63,6.58,,AniList+BacaKomik+MangaUpdates,list2/30-millennium-spinning.jpg,"Seorang anak ditinggalkan di hutan yang dipenuhi monster dan hantu. Woon Sowol diadopsi oleh lima master dan mempelajari teknik sihir terbaik. Meskipun kelima tuan itu adalah makhluk saleh, kini keseimbangan batin mereka berada di ambang kehancuran. Woon Sowol membalas dendam atas nama tuannya, dan pergi ke dunia untuk menjadi dewa. Pada akhirnya, bisakah Sowol keluar dari hutan binatang?","A child was abandoned in a forest infested with monsters and ghosts. Woon Sowol was adopted by the five masters and learned the best magical techniques. Although the five masters are godly beings, now their inner balance is on the verge of being broken down. Woon Sowol takes revenge on behalf of his masters, and goes to the world to become a god. In the end, will Sowol be able to get out of the forest of beasts? **Original Webtoon:** [KakaoPage](https://page.kakao.com/content/57834975), [Naver Series](https://series.naver.com/comic/detail.series?productNo=12371106), [MrBlue](https://www.mrblue.com/webtoon/wt_000069607) **Official S.Chinese:** [KuaiKan](https://www.kuaikanmanhua.com/web/topic/13064/), [AC.QQ](https://ac.qq.com/Comic/comicInfo/id/653889), [BiliBili](https://manga.bilibili.com/detail/mc33338)"
list3,1,Record of the War God,Catatan Dewa Perang | God of War (codezero) | le retour du dieu de la guerre | Musinjeongi | Pungunjeonsin | Reincarnated War God | 무신전기,"Action, Martial Arts","Adventure, Fantasy, Historical, Seinen","Cultivation, Male Protagonist, Abuse, Abuse Of Power, Assassination Attempt/S, Assassination/S, Broken Engagement/S, Brother/S, Capable Male Lead, Capable Protagonist",2020,2021,Manhwa,110 Chapters (Complete),"HAN Yeoreum, Lim Jaeyong, Yong-Wan Lim, codezero",67,6.45,,AniList+Komiku+MangaUpdates,list3/01-record-of-the-war-god.jpg,"Cerita ini mengikuti perjalanan seorang pemuda yang tiba-tiba mendapatkan kekuatan luar biasa dari dewa perang, memberinya kemampuan untuk bertarung melawan musuh yang mengancam kedamaian dunia. Dengan tekad kuat dan semangat pantang menyerah, ia memulai petualangan untuk mengalahkan kejahatan dan melindungi orang-orang terdekatnya. Dalam perjalanannya, sang protagonis menghadapi berbagai tantangan berat dan konflik yang menguji keberanian dan kebijaksanaannya. Selain pertarungan fisik, ia juga harus menghadapi konflik batin dan belajar nilai-nilai penting seperti persahabatan, pengorbanan, dan tanggung jawab sebagai pahlawan yang sebenarnya.","The master martial artist, Jinwoon, has already gone through two life cycles to defeat the menacing Lord of the Nine Heavenly Mercy Palace. In his first life, he couldn’t even come close to his goal. In his second life, he died just before he could put the long martial arts war to an end. Now in his third life, he wakes up ten years in the past as Seomun Bi, the second son of the Seomun Clan and the younger brother of the sword master, Seomun Hui. With his newfound resources, he begins his training to become the exalted God of War once more. Will he finally be able to destroy his great enemy in this life? **Original Webtoon:** [KakaoPage](https://page.kakao.com/content/54254274), [Ridibooks](https://ridibooks.com/books/1962128729), [MrBlue](https://www.mrblue.com/webtoon/wt_000063901), [Naver Series](https://series.naver.com/comic/detail.series?productNo=11226869), [Lezhin](https://www.lezhin.com/ko/comic/pwjs), [Toptoon](https://toptoon.com/comic/ep_list/The_God_of_War?p_id=pp_1601_001) **Official Translations:** English: [Tappytoon](https://www.tappytoon.com/en/book/the-god-of-war), [Dashtoon](https://dashtoon.com/comics/read/the-god-of-war_SHOaZXDDFWkXgw82E3b), [HyperComic](https://play.hypercomic.io/Webtoon/episode/72/), [VoyceMe](https://www.voyce.me/series/the-god-of-war), [MangaPlaza](https://mangaplaza.com/title/0303011519/), [Toomics](https://toomics.com/en/webtoon/episode/toon/8882) Others: [S.Chinese](https://manga.bilibili.com/detail/mc28569), [Russian](https://moykomiks.com/series/817908/), [German](https://www.lezhinde.com/detail/dad_2000203)"
list3,2,Seoul Station Necromancer,Necromancer Stasiun Seoul | Seoul Station's Necromancer | Seoul-yeog Necromancer | Seoul-yeok Necromancer | NIGROMANTE DE LA ESTACIÓN DE SEÚL | ソウル駅のネクロマンサー,"Action, Adventure, Fantasy, Shounen","Harem, Supernatural","Male Protagonist, Necromancy, Arrogant Male Lead, Arrogant Protagonist, Dungeon, Dungeon/S, Family, Game Elements, Guild/S, Invasion/S",2021,2020,Manhwa,150 Chapters (Complete) S1: 1\~97 S2: 98\~150,"Jae Kwang Lee, Ji Sung Woong, Jin Seol woo, Shin Ji Hun",68,6.89,,AniList+Komiku+MangaUpdates,list3/02-seoul-station-necromancer.png,"Di tengah riuhnya Stasiun Seoul, aktivitas misterius mulai muncul ketika seorang pria biasa secara tak sengaja melepaskan kekuatan gelap dari alam kematian. Dengan kemampuan necromancer yang mengejutkan, dia harus menghadapi gelombang kehidupan baru yang melibatkan makhluk mati hidup kembali dan ancaman mengerikan yang merebak ke seluruh kota. Ketika kegelapan menyebar, protagonis ini berjuang untuk mengendalikan kekuatannya sekaligus mencari jawaban atas asal-usul sihir gelap yang kini menghancurkan kehidupan dan tatanan masyarakat. Perjalanan ini membawanya berhadapan dengan berbagai pihak yang memiliki tujuan yang berbeda, dari sekutu hingga musuh yang ingin memanfaatkan kekuatannya.","After years of fighting for survival on planet Alphen, Kang Woojin had become a fearsome necromancer and ruler of his own territory. But now that he’s finally found a way back to Earth, he’s nothing more than a low-level player clearing dungeons for cash. Soon enough, though, Woojin’s undeniable skills have major guilds vying for his attention. And just in time, because with Woojin’s old enemy threatening invasion, those skills might be the only thing standing between humanity and destruction! **Original Webtoon:** [KakaoPage](https://page.kakao.com/content/58031028), [Daum](https://webtoon.kakao.com/content/%EC%84%9C%EC%9A%B8%EC%97%AD-%EB%84%A4%ED%81%AC%EB%A1%9C%EB%A7%A8%EC%84%9C/2813) **Official Translations:** [English](https://tapas.io/series/seoul-stations-necromancer/info), [Japanese](https://jp.piccoma.com/web/product/93287), [Thai](https://th.kakaowebtoon.com/content/%E0%B9%80%E0%B8%99%E0%B9%82%E0%B8%84%E0%B8%A3%E0%B9%81%E0%B8%A1%E0%B8%99%E0%B9%80%E0%B8%8B%E0%B8%AD%E0%B8%A3%E0%B9%8C%E0%B9%81%E0%B8%AB%E0%B9%88%E0%B8%87%E0%B8%AA%E0%B8%96%E0%B8%B2%E0%B8%99%E0%B8%B5%E0%B9%82%E0%B8%8B%E0%B8%A5/521) [You have entered the dungeon at Gwachun Station’s 1st Exit.] “What is this?” A necromancer had returned to earth after 20 years, and the subway station… No, it had become a dungeon. Bow down to the majesty of this one man army as I begin to seize the world. [You have entered the dungeon at Gwachun Station’s 1st Exit.] When former high school student Kang Woojin finds himself returned back to Earth after being forcibly summoned to a foreign planet for 20 years, he soon finds that Earth is not the same, normal place as he once remembered it to be. With his former strength and age reset back to zero, watch Kang Woojin as he gets back on the path to becoming the Earth’s strongest Necromancer!"
list3,3,The Great Master,"Daesahyeong Seonyu | Sang Ahli Agung | Sonnyu, the Great Master | Sunyu of the Shadowless | The Great Master Sunyoo | 대사형 선유","Action, Drama, Fantasy, Historical, Martial Arts, Shounen",,"Adopted Child/Ren, Arrogant Character/S, Makeshift Family, Male Protagonist, Master-Disciple Relationship, Money, Money Problems, Multiple Povs, Murim, Mysterious Benefactor/S",2021,2024,Manhwa,150 Chapters (Hiatus?) S1: 1 - 63 Chapters (Complete) S2: 64 - 150 Chapters (Complete),"Noh Kyung-chan, Park Chang-hwan, Yuna",58,6.22,,AniList+Komiku+MangaUpdates,list3/03-the-great-master.jpg,"The Great Master menceritakan kisah seorang pemuda yang memiliki bakat luar biasa dalam seni bela diri dan tekad kuat untuk menguasai ilmu tingkat tinggi demi melindungi orang-orang yang dicintainya. Dalam perjalanannya, ia menghadapi berbagai tantangan, mulai dari lawan yang tangguh hingga konflik internal yang menguji ketahanan mental dan fisiknya. Selain fokus pada perjuangan sang tokoh utama, komik ini juga menghadirkan pengembangan karakter yang mendalam dan hubungan kompleks antar karakter pendukung. Dengan latar dunia yang kaya akan nilai-nilai tradisional dan budaya, cerita ini menggambarkan perjalanan seorang pahlawan dalam meraih puncak kejayaan sambil menjaga prinsip dan kehormatan.","When failed martial artist Kwak Noh is tasked with protecting a group of young orphans, he plans to send them off to good homes. However, after growing attached to the children, he decides to raise them all as disciples of the Shadowless Clan. But as times get tough, Kwak Noh is forced to journey far from home to make money, leaving Sunyu, first brother of the clan, to provide for his siblings. If Sunyu wants to step up for his clan, though, he'll need to step up his skills! Training begins now! **Original Webtoon:** [Daum](https://webtoon.kakao.com/content/%EB%8C%80%EC%82%AC%ED%98%95-%EC%84%A0%EC%9C%A0/2589), [KakaoPage](https://page.kakao.com/content/60564644) **Official Translations:** [English](https://tapas.io/series/sunyu-of-the-shadowless/info), [Japanese](https://jp.piccoma.com/web/product/159217) From the author of [Peerless Dad](https://www.mangaupdates.com/series.html?id=44101452060): Some children are raised in the hands of Kwak No, After establishing a Disciple-Master relationship, the children dream of their own dreams by practicing martial arts and walking in that path to become masters. In order to make a living, Kwak No always had to leave his seat, and Seon-yu, the eldest of the children, has to take care of the Children, and He’ll be the Great Master."
list3,4,Yongbi the Invincible,Yong-Bi Bulpae | Yongbi Bulpae | Yongbi l'invincible | Yongbi the Invincible - A Side Story | Yongbibulpae | Yongbibulpae Oejeon | Yongbibulpae Wanjeonpan | Long Phi Bất Bại | 龍飛不敗,"Action, Adventure, Comedy, Historical, Martial Arts, Shounen","Ecchi, Isekai","Adult Protagonist, Animal Sidekick, Animals, Armed Combat, Blood And Gore, Bounty Hunter/S, Breaking The Fourth Wall, Character Aware Of Author/Being Fiction, Classic Manhwa, Comedic Facial Expressions",1998,1998,Manhwa,12 Volumes (Complete),"MOON Jung-Hoo, RYU Ki-Woon",74,7.46,,AniList+BacaKomik+MangaUpdates,list3/04-yongbi-the-invincible.jpg,"Seorang asing misterius naik ke kota. Desa Gang-Ho yang damai terusik ketika Yongbi, seorang pemburu hadiah yang tampaknya bodoh, datang ke kota untuk meminta hadiah untuk pemimpin klan pembunuh paling mematikan di Gang-Ho. Akankah Yongbi mengumpulkan hadiah tanpa cedera, atau akankah dia menjadi korban dari sekumpulan pembunuh yang sangat ingin membalas dendam untuk pemimpin mereka yang ditangkap?","An enigmatic outsider arrives in town. The serene village of Gang-Ho is thrown into disarray when Yongbi, a seemingly foolish bounty hunter, arrives with the intention of collecting the reward for apprehending the chief of Gang-Ho's most lethal guild of assassins. Will Yongbi manage to secure the bounty unharmed, or will he become a target for a vengeful group of assassins determined to avenge their captured leader?"
list3,5,Bowblade Spirit,Gunggwigeomsin 1-bu | 弓鬼劍神 | 궁귀검신 1부,"Action, Adventure, Fantasy, Historical, Martial Arts, Shounen, Tragedy","Ecchi, Isekai","Archery, Animal Cruelty, Animal Death, Archer/S, Based On A Novel, Betrayal, Bird/S, Bow/S & Arrow/S, Korean Ambience, Lazy Male Lead",2020,2020,Manhwa,147 Chapters (Complete),"CHO Don-Hyung, PARK Gwang Jin",67,6.29,,AniList+BacaKomik+MangaUpdates,list3/05-bowblade-spirit.jpg,"Busur adalah senjata yang mendominasi segala sesuatu yang terlihat, bahkan untuk target yang bersembunyi pada jarak yang terlalu jauh untuk dilihat oleh mata. Bayangkan saja senjata yang bahkan tidak bisa Anda lihat menargetkan hidup Anda. Apa yang mungkin lebih menakutkan dari itu? Sebuah rezim pelatihan dari neraka dengan kakek yang brutal. Perjalanan yang menyenangkan ke Zhongyuan untuk mencari seorang istri. Munculnya pahlawan yang akan menjungkirbalikkan dunia Murim. Ki Guided Arrow - tampilan baru tentang Ki Guidance yang lebih kuat dari Ki Guided Sword dan Blade! Tembakkan panahnya ke besok!","The bow is a weapon that dominates everything in sight, even for targets hiding at distances too far for the eyes to see. Just imagine a weapon you cannot even see targeting your life. What could possibly be scarier than that? A training regime from hell with a brutal grandfather. A joyful trip to Zhongyuan in search of a wife. The rise of a hero who will overturn the Murim world. Ki Guided Arrow - a fresh take on Ki Guidance that is stronger than both the Ki Guided Sword and Blade! Fire the arrow into tomorrow! **Original Webtoon:** [KakaoPage](https://page.kakao.com/content/55581051), [MrBlue](https://www.mrblue.com/webtoon/wt_000062881), [Mootoon](https://www.mootoon.co.kr/comic/moo_list.mg?tcode=ga8n), [Naver Series](https://series.naver.com/comic/detail.series?productNo=12295802) **Official Translations:** [Japanese](https://jp.piccoma.com/web/product/82027)"
list3,6,Weak Teacher,Guru Lemah | Heoyakseonsaeng | The Weak Teacher | Maestro débil | ひ弱先生〜気弱な先生は,"Action, Comedy, Fantasy, Martial Arts","Historical, Shounen",Weak To Strong,2020,2023,Manhwa,170 Chapters (Complete) S1: 45 Chapters (Complete) 1\~45 S2: 45 Chapters (Complete) 46\~90 S3: 45 Chapters (Complete) 91\~135 S4: 35 Chapters (Complete) 136\~170,"Kim Soo Jung, 울펜",66,6.57,,AniList+Komiku+MangaUpdates,list3/06-weak-teacher.jpg,"Weak Teacher menceritakan kisah seorang guru muda yang dianggap kurang kompeten oleh murid dan rekan kerjanya karena pendekatan mengajarnya yang unik dan tidak konvensional. Meski begitu, guru ini berusaha keras untuk membuktikan bahwa metode pembelajarannya bisa membawa perubahan positif bagi para murid yang selama ini bermasalah di sekolah. Dalam perjalanan ceritanya, guru tersebut menghadapi berbagai tantangan dan konflik, baik dari lingkungan sekolah maupun masalah pribadi murid-muridnya. Namun, melalui ketulusan dan kesabaran, dia berhasil menginspirasi dan mengubah pandangan banyak orang tentang pendidikan serta pentingnya empati dan kreativitas dalam mengajar.","The special discipleship of Moorim's best assassin, ""Gwi-Myeon-Dok,"" will begin. **Original Webtoon:** [Daum](https://webtoon.kakao.com/content/%ED%97%88%EC%95%BD%EC%84%A0%EC%83%9D/2080), [KakaoPage](https://page.kakao.com/content/60716852) **Official Translations:** [Japanese](https://piccoma.com/web/product/120096), [French](https://fr.piccoma.com/fr/product/818)"
list3,7,Death God,Death God 4 | Death God4 | Dewa Kematian | デスゴッドフォア,Action,"Drama, Fantasy, Historical, Martial Arts, Seinen, Shounen, Supernatural",Demons,2007,2023,Manga,2 Volumes (Complete),"Remy Sylado, SATOGANE Shou",,6,,AniList+Komiku+MangaUpdates,list3/07-death-god.jpg,"Cerita ini mengikuti perjalanan seorang pemuda yang secara tidak sengaja mendapatkan kekuatan dari Dewa Kematian. Dengan kemampuan barunya, dia harus menghadapi berbagai tantangan dan makhluk gaib yang mengancam keseimbangan dunia manusia. Namun, kekuatan besar itu juga membawa konsekuensi berat yang harus dia tanggung. Di tengah perjuangannya, karakter utama berusaha menemukan arti sebenarnya dari kekuatan dan takdirnya sebagai Dewa Kematian. Sepanjang perjalanan, dia bertemu dengan teman dan musuh yang membantunya untuk memahami kewajibannya serta menghadapi konflik batin yang mendalam.","Monsters descended upon the humans all of a sudden, monsters that can't be detected by most, unless they have a strong sense. An invisible predator, it feasts on humans to grow in strength and powers. 4 Death Gods are chosen to destroy these monsters and to seal the ""sink"" hiding the monsters fast."
list3,8,The Strongest Villainess,"Akulah Antagonis Terkuat di Martial Art! | I'm a Martial Art Villainess but I'm the Strongest! | Je suis une artiste martiale vilaine, mais je suis la plus forte! | Master Villainess the Invincible | Master Villainess the Invincible!: Nei panni di una guerriera | Muhyeopji Angnyeoinde Naega Jeil Sse! | but I’m the Strongest! | I’m a Martial Art Villainess | Karanlığı seçmiş bir kadın olabilirim, ama en güçlüsüyüm! | La vilaine est une maître invincible | Én egy gonosz harcművész vagyok, de a legerősebb! | 무협지 악녀인데 내가 제일 쎄!","Action, Drama, Fantasy, Martial Arts, Romance","Ecchi, Historical, Isekai, Romance Shoujo, Shoujo","Female Protagonist, Isekai, Ancient China, Attempted Extortion, Based On A Novel, Beautiful Female Lead, Betrayal, Blonde-Haired Male Lead, Blushing Character/S, Blushing Male Lead",2020,2026,Manhwa,130 Chapters (Complete) S1: 50 Chapters (1-50) S2: 36 Chapters (51-86) S3: 44 Chapters (87-130),"Gabi Nam, Will Bright, Yooani, 가비남 , 윌브라이트 , 유아니",74,7.92,,AniList+BacaKomik+MangaUpdates,list3/08-the-strongest-villainess.jpg,"Karakter utama kami adalah seorang novelis fantasi romansa yang gagal ketika dia terlibat tabrak lari kemudian bangun sebagai penjahat dalam novel seni bela diri terlaris. Dia menggunakan informasi dari novel yang dia analisis dalam kehidupan aslinya, untuk menghindari kematiannya dan menemukan kebenaran di balik apa yang sebenarnya terjadi padanya.","Our main character was an unsuccessful romance fantasy novelist when she gets into a hit-and-run then wakes up as the villainess in a best-selling martial arts novel. She uses the information from the novel that she had analyzed in her original life, in order to avoid her death-ending and finding the truth behind what had really happened to her. **Original Webtoon:** [KakaoPage](https://page.kakao.com/content/56271898), [Daum](https://webtoon.kakao.com/content/%EB%AC%B4%ED%98%91%EC%A7%80-%EC%95%85%EB%85%80%EC%9D%B8%EB%8D%B0-%EB%82%B4%EA%B0%80-%EC%A0%9C%EC%9D%BC-%EC%8E%84/2455) **Official Translations:** [English](https://tapas.io/series/master-villainess-the-invincible/info), [Japanese](https://jp.piccoma.com/web/product/62807), [Thai](https://th.kakaowebtoon.com/content/%E0%B8%96%E0%B8%B6%E0%B8%87%E0%B9%80%E0%B8%9B%E0%B9%87%E0%B8%99%E0%B8%A7%E0%B8%B2%E0%B8%A2%E0%B8%A3%E0%B9%89%E0%B8%B2%E0%B8%A2%E0%B8%99%E0%B8%B4%E0%B8%A2%E0%B8%B2%E0%B8%A2%E0%B8%9A%E0%B8%B9%E0%B9%8A_%E0%B9%81%E0%B8%95%E0%B9%88%E0%B8%89%E0%B8%B1%E0%B8%99%E0%B8%99%E0%B8%B5%E0%B9%88%E0%B9%81%E0%B8%AB%E0%B8%A5%E0%B8%B0%E0%B9%81%E0%B8%81%E0%B8%A3%E0%B9%88%E0%B8%87%E0%B8%AA%E0%B8%B8%E0%B8%94/136), [T.Chinese](https://www.webtoons.com/zh-hant/martial-arts/im-the-strongest-villainess-in-the-martial-world/list?title_no=9403)"
list3,9,Archer Sword God : Descendants of the Archer,Archer Tuhan Pedang : Keturunan Penguasa Busur | Bowblade: The Descendants of Bowblade | 弓鬼剣神 2部 -弓鬼の末裔- | 궁귀검신: 궁귀의 후예,"Action, Drama, Fantasy, Historical, Martial Arts, Seinen",,"Ancient China, Comedic Facial Expressions, Martial Artist/S, Murim, Strong Family, Strong Father, Strong Protagonist, Travel/Journey",2022,2020,Manhwa,126 Chapters (Complete),"Jo Don Hyung, PARK Gwang Jin, WHY NOT ME, Xiao Feng",,6.69,,Komiku+MangaUpdates,list3/09-archer-sword-god-descendants-of-the-archer.jpg,"Cerita ini mengikuti perjalanan seorang pemuda yang merupakan keturunan dari pemanah legendaris yang dikenal sebagai Archer Sword God. Dengan tekad dan kemampuan memanah yang luar biasa, ia berusaha mengembalikan kehormatan keluarganya yang hilang serta melindungi dunia dari ancaman gelap yang mulai mengintai. Selama perjuangannya, ia bertemu dengan berbagai sekutu dan musuh yang menguji kekuatannya dan keyakinannya. Dalam perjalanan panjangnya, sang protagonis belajar tentang warisan keluarganya yang misterius dan kemampuan unik yang diwariskan. Ia harus menghadapi konflik internal dan eksternal yang membuatnya tumbuh sebagai seorang pahlawan sejati. Cerita ini juga menggambarkan pentingnya persahabatan, keberanian, dan tekad dalam menghadapi tantangan besar.","Eulji So Moon has aged well and is now a grandfather. He orders his mischievous grandson to go on a joyful trip to Zhongyuan! To save the fallen Namgung family clan and help them spread their wings once more, Eulji Ho's journey starts now!! **Original Webtoon:** [KakaoPage](https://page.kakao.com/content/60601122), [Daum](https://webtoon.kakao.com/content/%EA%B6%81%EA%B7%80%EA%B2%80%EC%8B%A0-%EA%B6%81%EA%B7%80%EC%9D%98-%ED%9B%84%EC%98%88/3098) **Official Translations:** [Japanese](https://jp.piccoma.com/web/product/154170)"
list3,10,Becoming the Swordmaster Rank Young Lord of the Sichuan Tang Family,Becoming the Sacheon Dang's Swordsmaster-Rank Young Lord | Becoming the Sacheon Tang's Sword God Level Young Lord | Becoming the Swordmaster of the Sichuan Tang Clan | El surgimiento del nuevo jefe de la familia Tang de Sichuan | He Became the Head of the Four Heavenly Dang Family | He Became the Swordmaster-Rank Young Lord of the Tang Family of Sacheon | Menjadi Ahli Pedang Muda Tuan Keluarga Tang Sichuan | Sacheondanggaui Geomsingeum Sogajuga Doeeotda | The Sichuan Tang's Sword God-Level Young Lord | Convirtiéndose en el joven señor con rango de maestro de espadas de la familia Tang de Sichuan | Convirtiéndose en el maestro de espadas de la Familia Tang | The Dang Clan’s Swordmaster Heir Just Wants a Normal Life | 四川唐門的劍神少主,"Action, Fantasy, Drama, Historical, Martial Arts","Seinen, Shounen","Abused Male Lead, Abusive Family Member/S, Beautiful Female Character/S, Bullied Male Lead, Child Male Lead, Chinese Ambience, Cliché/S, Competitive Atmosphere, Conspiracy/Ies, Contest/S",2024,2021,Manhwa,120 Chapters (Completed),"Hwagye, Kim Jong-Seop, PSG, Tang Jia San Shao",70,7.11,,AniList+Komiku+MangaUpdates,list3/10-becoming-the-swordmaster-rank-young-lord-of-the-sichuan-tang-family.jpg,"Cerita ini mengisahkan perjalanan seorang pemuda yang merupakan pewaris keluarga Tang yang berpengaruh di Sichuan. Meski awalnya dianggap lemah dan tidak berbakat, ia bertekad keras untuk menjadi ahli pedang terbaik demi menjaga kehormatan keluarganya dan menghadapi berbagai tantangan yang datang dari musuh dan pengkhianatan dalam keluarganya sendiri. Lewat latihan yang keras dan perjuangan tanpa henti, ia mulai menunjukkan bakat luar biasanya. Dalam perjalanannya, ia bertemu dengan berbagai tokoh yang akan membantunya tumbuh dan belajar, baik sebagai pejuang maupun pemimpin. Kisah ini juga menggambarkan konflik internal serta strategi politik yang memengaruhi nasib keluarganya, dan bagaimana ia berjuang untuk merebut kembali posisi yang seharusnya ia miliki sambil menjaga nilai-nilai dan keadilan yang ia yakini.","The Dang clan of Sacheon, once renowned for its poison and hidden weapons, is now on the path to its demise. That is, until Yeonmyeung Dang, an outcast boy of the clan, awakens by recollecting the memories of his past life as the 'god of swords' who devoted his life to mastering the sword. Will the boy be able to protect his family and fulfill his dream of living a normal life? **Original Webtoon:** [Naver Webtoon](http://comic.naver.com/webtoon/list.nhn?titleId=822862), [Naver Series](https://series.naver.com/comic/detail.series?productNo=10880776) **Official Translations:** [English](https://www.webtoons.com/en/action/the-dang-clans-swordmaster-heir-just-wants-a-normal-life/list?title_no=6695), [S.Chinese](https://www.dongmanmanhua.cn/BOY/tangmendejianshenshaozhu/list?title_no=2729), [T.Chinese](https://www.webtoons.com/zh-hant/martial-arts/becoming-the-swordmaster-of-the-sichuan-tang-clan/list?title_no=6584), [French](https://www.webtoons.com/fr/action/the-dang-clans-swordmaster-heir-just-wants-a-normal-life/list?title_no=9308), [Japanese](https://manga.line.me/product/periodic?id=Z0003939)"
list3,11,Storm Inn,Penginapan Badai | Posada tormentosa | Pungungaekjan | Tavern of Winds and Clouds | The Stormy Inn | 風雲客桟,"Action, Fantasy, Drama, Historical, Martial Arts, Shounen",Comedy,"Calm Male Lead, Calm Protagonist, Character/S Trying To Live A Normal Life, Determined Male Lead, Determined Protagonist, Ex-Soldier/S, Hotel/Inn, Martial Artist/S, Martial Arts, Protagonist Strong From The Start",2021,2020,Manhwa,145 Chapters (Complete),"Juvi, Miyul, Rudi Cresna",65,6.62,,AniList+Komiku+MangaUpdates,list3/11-storm-inn.jpg,"Di sebuah penginapan terpencil yang sering terjadi badai hebat, seorang pekerja muda bernama Aria mulai bekerja sebagai resepsionis. Ia segera menyadari bahwa tamu-tamu yang datang ke penginapan tersebut memiliki kisah misterius dan hubungan yang tak terduga satu sama lain. Aria berusaha mengungkap rahasia setiap tamu sambil menghadapi dirinya sendiri yang penuh keraguan dan trauma masa lalu. Ketika badai semakin menambah intensitas, berbagai konflik dan emosi muncul di antara penghuni penginapan. Persahabatan dan konflik berpadu dalam ketegangan yang mencekam, memaksa Aria dan para tamu untuk saling mempercayai demi menghadapi situasi berbahaya yang terus berkembang di sekitar mereka. Penginapan Badai menjadi tempat di mana kisah-kisah lama terungkap dan harapan baru mulai terbentuk.","The Crimson Demon of the Battlefield, Jang Kirin. He spent his days in blood splattering war in the North for the last 13 years. ""Live a normal life."" Those were the last words the general left me. ""The best way to live normally is to be an innkeeper!"" The youngest of my unit gave me this advice. I came all the way to Hangzhou believing his advice. But why is living a 'normal life' so much harder than fighting in a war? [Original Novel](https://page.kakao.com/content/46441938) **Original Webtoon:** [KakaoPage](https://page.kakao.com/content/58306830) **Official Translations:** [English](https://tapas.io/series/the-stormy-inn/info), [Japanese](https://jp.piccoma.com/web/product/95092), [T.Chinese](https://tw.kakaowebtoon.com/content/%E9%A2%A8%E9%9B%B2%E5%AE%A2%E6%A3%A7/378), [Indonesian](https://id.kakaowebtoon.com/content/The-Stormy-Inn/781), [Thai](https://th.kakaowebtoon.com/content/%E0%B9%82%E0%B8%A3%E0%B8%87%E0%B9%80%E0%B8%95%E0%B8%B5%E0%B9%8A%E0%B8%A2%E0%B8%A1%E0%B8%A7%E0%B8%B2%E0%B8%A2%E0%B8%B8%E0%B9%80%E0%B8%A1%E0%B8%86%E0%B8%B2/455)"
list3,12,The Invincible Immortal,"Bulsamujeok | Immortal, Invincible | Keabadian Tak Terkalahkan | Warrior Will Never Die | 불사무적","Action, Martial Arts, Supernatural","Fantasy, Shounen","Male Protagonist, Based On A Novel, Doting Family Member/S, Hidden Past, Hiding Power/S, Hiding True Self, Loyal Subordinates, Martial Arts, Protagonist Strong From The Start, Reincarnation",2018,2023,Manhwa,270 Chapters (Complete),"Chen Dong, Decrecy",62,6.48,,AniList+Komiku+MangaUpdates,list3/12-the-invincible-immortal.png,"The Invincible Immortal menceritakan perjalanan seorang pejuang yang memperoleh kekuatan abadi setelah melalui serangkaian cobaan berat. Ia berusaha melindungi dunia dari ancaman kekuatan gelap yang mengancam kedamaian umat manusia. Sepanjang perjalanannya, ia menghadapi berbagai musuh yang tangguh dan menemukan arti sebenarnya dari kekuatan dan tanggung jawab. Dalam pencariannya, sang protagonis juga belajar tentang pentingnya persahabatan, pengorbanan, dan bagaimana menjaga keseimbangan antara kekuatan dan hati. Cerita ini menghadirkan perpaduan elemen fantasi dan aksi yang kuat, dengan karakter yang kompleks dan alur yang mendalam yang membuat pembaca terbawa dalam setiap langkah petualangannya.","From a thieving child to one who would shake the world. Rising to the title of Immortal Master, one of the Godly Twelve Stars, but ultimately betrayed. Now, he has been given a chance to change that, and create a better future- for both him, and the world. Based on the popular novel of the same name. [Original Novel](https://page.kakao.com/content/47784012) **Original Webtoon:** [KakaoPage](https://page.kakao.com/content/51516006), [Daum](https://webtoon.kakao.com/content/%EB%B6%88%EC%82%AC%EB%AC%B4%EC%A0%81/2326), [MrBlue](https://www.mrblue.com/webtoon/wt_000077586), [Naver Series](https://series.naver.com/comic/detail.series?productNo=13601061) **Official Translations:** [S.Chinese](https://www.kuaikanmanhua.com/web/topic/16953), [Japanese](https://jp.piccoma.com/web/product/36758)"
list3,13,The Delivery Man From Murim,Delivery Man From Moorim | Delivery Man from Murim | El Dios Marcial se Convierte en un Repartidor | Murimeseo On Baedalbu | Pengantar Dari Dunia Murim | The Delivery Man From Martial World | The Delivery Man From Moorim | 무림에서 온 배달부,"Action, Fantasy, Drama, Martial Arts, Shounen",,"Adult Protagonist, Brotherhood, Cultivation, Culture Shock, Cute Child/Ren, Dungeon/S, Food Lover, Food/Gourmet, Friendship, Hunter/S",2023,2021,Manhwa,114 Chapters (Complete) **S1** :55 Chapters (1\~55) **S2** :59 Chapters (56\~114),"Hyangran, Studio Jilpung, Yang Sun-Je",64,6.52,,AniList+Komiku+MangaUpdates,list3/13-the-delivery-man-from-murim.jpg,"Komik ini menceritakan tentang seorang pria biasa yang secara tak terduga menjadi pengantar barang di dunia Murim, dunia penuh petualangan dan pertarungan seni bela diri. Dia harus menyesuaikan diri dengan lingkungan baru yang penuh bahaya sambil menyelesaikan tugas pengiriman yang tampak sederhana namun menyimpan rahasia besar. Dalam setiap pengiriman, dia menghadapi berbagai musuh dan teka-teki yang menguji kemampuannya, menyingkap sejarah dan konflik dunia Murim yang rumit. Seiring perjalanan berlangsung, karakter utama menemukan kekuatan tersembunyi dalam dirinya yang terhubung dengan masa lalu dunia Murim. Ia bertemu dengan sekutu dan musuh yang membantunya mengerti arti sejati dari keberanian dan persahabatan. Cerita ini menghadirkan gabungan menarik antara aksi, misteri, dan drama yang menggugah, cocok untuk pembaca yang suka kisah petualangan dengan nuansa tradisional dan modern.","Stranded in a new world, Smiley Kang covertly lives the life of a delivery man. Until now, humanity has fended off demonic beasts and their portal “gates.” There are the Awakened, citizens imbued with supernatural abilities, and there are those more scheming, fighting to monopolize and claim demonic resources. But as the number of gates starts to rise, the world is at risk once again. Can humanity survive another onslaught of demonic beasts? The answer lies with the mysterious delivery man… **Original Webtoon:** [KakaoPage](https://page.kakao.com/content/62904008), [Daum](https://webtoon.kakao.com/content/%EB%AC%B4%EB%A6%BC%EC%97%90%EC%84%9C-%EC%98%A8-%EB%B0%B0%EB%8B%AC%EB%B6%80/3790) **Official Translations:** [English](https://tapas.io/series/the-delivery-man-from-martial-world/info), [S.Chinese](https://manga.bilibili.com/detail/mc34117), [Japanese](https://jp.piccoma.com/web/product/159398), [Thai](https://th.kakaowebtoon.com/content/%E0%B9%80%E0%B8%94%E0%B8%A5%E0%B8%B4%E0%B9%80%E0%B8%A7%E0%B8%AD%E0%B8%A3%E0%B8%B5%E0%B9%81%E0%B8%A1%E0%B8%99%E0%B8%88%E0%B8%B2%E0%B8%81%E0%B9%81%E0%B8%94%E0%B8%99%E0%B8%A2%E0%B8%B8%E0%B8%97%E0%B8%98%E0%B8%A0%E0%B8%9E/873), [T.Chinese](https://tw.kakaowebtoon.com/content/%E6%AD%A6%E7%A5%9E%E4%B9%9F%E5%A4%96%E9%80%81/840)"
list3,14,Blade of Winds and Thunders,Blade of Wind and Thunder | Pungnoedo | A Lâmina da Tormenta | 風雷刀,"Action, Fantasy, Drama, Historical, Martial Arts, Shounen","Adventure, Ecchi, Isekai","Arrogant Male Lead, Badass Male Lead, Beautiful Female Lead, Bodyguard/S, Dead Parent/S, Demonic Cultivation Technique/S, Dying Protagonist, Famous Parent/S, Fearless Male Lead, Female Bodyguard",2022,2022,Manhwa,109 Chapters (Complete),"Maeum Hana, Yong Shin Moon",57,6.71,,AniList+BacaKomik+MangaUpdates,list3/14-blade-of-winds-and-thunders.jpg,"Dongbang-Mui, putra raja mematikan, Dongbang-Go Jin yang disebut ""Dewa Perang"". Dalam rahasia kelahirannya, dia mengikuti jejak kakeknya dan menjadi penjaga tingkat rendah di liga murim. Bersama dengan ""Pedang Penebas Kejam"" milik pemburu hadiah, ""Pedang Taring Ular Pembunuh Terbaik Dunia"" yang terbuat dari ""Taring Tajam Beracun Ular"", dan di dalam cinta Bicheonri-Ya Eul yang memiliki ""Pedang Terbang Plum"", dia mengangkatnya. ""Bilah Angin dan Guntur"" miliknya kepada dunia.","Dongbang-Mui, son of the deadly king, Dongbang-Go Jin who is called the ""War God."" In the secret of his birth, he followed in his grandfather's footsteps and became the lower rank guard of the *murim league*. Together with the bounty hunter's ""Ruthless Slashing Sword,"" the ""World Best Assassin's Snake Fang Sword"" made of the ""Snake Poisonous Sharp Fang,"" and inside the love of Bicheonri- Ya Eul who possessed the ""Plum Flying Sword,"" he lifted his ""Blade of Wind and Thunder"" to the world. [Original Novel](https://page.kakao.com/content/48504763) **Original Webtoon:** [KakaoPage](https://page.kakao.com/content/59232492), [Naver Series](https://series.naver.com/comic/detail.series?productNo=12332484), [MrBlue](https://www.mrblue.com/webtoon/wt_000068386), [Toomics](https://www.toomics.com/webtoon/episode/toon/8733) **Official Translations:** [Japanese](https://jp.piccoma.com/web/product/110861), [Portuguese](https://toomics.com/por/webtoon/episode/toon/8383)"
list3,15,Heavenly Demon Instructor,"Backseating Heavenly Demon | Hunsu Duneun Cheonmanim | My Master Is a Backseat Gamer | The Heavenly Demon Who Gives Pointers | Mon coach, le Démon céleste | 훈수 두는 천마님","Action, Adventure, Fantasy, Drama, Harem, Martial Arts, Shounen","Ecchi, Isekai","Male Protagonist, Alternate Universe, Dungeon, Emotionally Weak Male Lead, Emotionally Weak Protagonist, Gateway/S, Martial Arts, Monster Hunter/S, Monster/S, Murim",2021,2021,Manhwa,105 Chapters (Complete),"Hwabong, Hwabong , Kim Jaka , 김자까 , 화봉, Jodol, Kim Jaka",67,6.55,,AniList+BacaKomik+MangaUpdates,list3/15-heavenly-demon-instructor.jpg,"Sebuah bencana yang melanda bumi, [Portal Impact], menyebabkan Park Hyunsoo, MC, kehilangan orang tuanya di depan matanya. Satu-satunya anggota keluarga yang tersisa adalah adiknya yang tidak sadarkan diri. Untuk melindungi adiknya, dia melakukan yang terbaik tetapi sebagai pendukung yang tidak berdaya, dia akan selalu berada di sisi lain penghinaan … Dan saat itulah seorang pembantu, Chungyeong, muncul! Chungyeong, seorang master bela diri murim yang telah melakukan perjalanan melalui waktu untuk datang ke sini dari Murim untuk mengajar seni bela diri Hyunsoo… ""Hei, murid ..."" ""Ya tuan.""","In a world where super-powered heroes fight extradimensional monsters, Hyunsoo is just a puny supporter without any powers. That is, until a god-like grandmaster named Chunma from the medieval past shows up out of nowhere and becomes Hyunsoo's teacher. Visible to no one else, Chunma secretly tutors Hyunsoo in the way of the fist. But when his new powers force him to join the battle against the monsters, Hyunsoo is thrust into the front seat of a wild adventure, with Chunma along for the ride! **Original Novel:** [KakaoPage](https://page.kakao.com/content/53574912), [Naver Series](https://series.naver.com/novel/detail.series?productNo=5805742), [Ridi](https://ridibooks.com/books/3228021465), [Anytoon](https://www.anytoon.co.kr/novel/episode/none?ind=8894), [Hibook](https://hibook.co.kr/chapter.html?book=30200), [Joara](https://www.joara.com/book/1549009), [MrBlue](https://m.mrblue.com/novel/detail/E000076223?pid=E000076223) **Original Webtoon:** [KakaoPage](https://page.kakao.com/content/58315333), [Naver Series](https://series.naver.com/comic/detail.series?productNo=12295394), [MComics](https://www.mcomics.co.kr/webtoonComic/12960), [Ridibooks](https://ridibooks.com/books/845049513), [Lezhin](https://www.lezhin.com/ko/comic/hunsu_cheonma), [MrBlue](https://www.mrblue.com/webtoon/wt_000069524) **Official Translations:** [English](https://tapas.io/series/my-master-is-a-backseat-gamer/info), [Japanese](https://jp.piccoma.com/web/product/95098), [Thai](https://page.kakao.com/content/67073737), [T.Chinese](https://www.webtoons.com/zh-hant/fantasy/the-heavenly-demon-who-gives-pointers/list?title_no=9854), [S.Chinese](https://ac.qq.com/Comic/comicInfo/id/657533)"
list3,16,Way To Heaven,Cheon-aehyeoblo | Cheonaehyeomno | Jalan Menuju Surga | The Heavenly Way | 천애협로,"Action, Adventure, Fantasy, Historical, Martial Arts, Shounen",,"Accent Colors, Amnesia, Cultivation, Disability/Ies, Martial Arts, Mental Illness, Murim, Orphan/S, Searching For Family Member/S, Special Body",2018,2021,Manhwa,196 Chapters (Complete),"Chonbu, Gwang-hwan Kim, Jiwagyeom",68,7.53,,AniList+Komiku+MangaUpdates,list3/16-way-to-heaven.jpg,"Way To Heaven mengisahkan perjalanan hidup seorang pemuda yang berjuang menata kembali dirinya setelah menghadapi berbagai tantangan dan kegagalan. Dalam proses pencariannya, ia menemukan makna sebenarnya dari kehidupan dan nilai-nilai yang selama ini ia abaikan. Cerita ini menampilkan bagaimana ketekunan dan keyakinan dapat membawa seseorang keluar dari keterpurukan menuju perubahan positif. Di sisi lain, alur cerita juga mengeksplorasi hubungan antar karakter yang saling mendukung dan menginspirasi, memperkuat pesan bahwa keberhasilan tidak diperoleh sendiri. Melalui konflik dan kebersamaan, mereka belajar pentingnya empati dan pengorbanan demi mencapai impian besar mereka.","A peculiar bond forms when orphaned siblings encounter an elderly woman who claims to be their grandmother, but in reality, she is a supreme master from Murim, suffering from memory loss due to an illness. Recognizing the latent talent in the eldest sibling, the woman takes him under her wing, thus commencing the journey of the last disciple of Jinmu Shinmo. The destined boy to reach the end of the sky. [Original Novel](https://page.kakao.com/content/48880863) [Original Webtoon](https://page.kakao.com/content/51298446)"
list3,17,Maxed Out Leveling,Exceeding Max Level | Level up From Max Level | Leveling Beyond the Max | Mallepbuteo Level Up | Naik Level Maksimal | カンストからのレベルアップ,"Action, Fantasy","Adventure, Drama, Martial Arts, Shounen","Magic, Cultivation, Dungeon, Dungeon/S, Game Elements, Isekai, Level System, Male Protagonist, Martial Arts, Murim",2021,2022,Manhwa,103 Chapters (Complete) S1: 53 Chapters (1\~53) S2: 50 Chapters (54 \~103),"Dragon-Maru, Endlessea, Kimsanglok, studioM",65,6.29,,AniList+Komiku+MangaUpdates,list3/17-maxed-out-leveling.jpg,"Maxed Out Leveling mengikuti kisah seorang pemain game yang terjebak dalam dunia virtual dan berusaha untuk menjadi yang terkuat di dalamnya. Dalam perjalanannya, ia menghadapi berbagai tantangan dan musuh yang semakin sulit sekaligus menemukan teman-teman baru yang membantunya tumbuh dan berkembang. Seiring waktu, karakter utama tidak hanya meningkatkan level dan kemampuannya, tetapi juga belajar tentang arti keberanian, persahabatan, dan tanggung jawab. Cerita ini membawa pembaca menyelami dunia fantasi yang seru dengan perpaduan aksi serta drama yang mendalam.","After a car crash mysteriously transports him to a land of martial arts, Cha Shinhyun trains for 140 years and becomes the strongest being in Murim. But when he returns to Earth, it's nothing like he remembers. Though he is finally reunited with his sister, the home he once knew is now filled with people called ""hunters"" who defeat monsters to level up their powers in a constant race for survival. Now he must start back at level 1 and work to exact revenge on the person who altered his fate! **Original Novel:** [Kakaopage](https://page.kakao.com/home?seriesId=50740194), [Naver Series](https://series.naver.com/novel/detail.nhn?productNo=3131291), [Ridibooks](https://ridibooks.com/v2/Detail?id=2065007219), [Joara](http://www.joara.com/premium_new/book_intro.html?book_code=1268657), [Munpia](http://novel.munpia.com/95507) **Original Webtoon:** [Kakaopage](https://page.kakao.com/content/58239966), [Daum](https://webtoon.kakao.com/content/%EB%A7%8C%EB%A0%99%EB%B6%80%ED%84%B0-%EB%A0%88%EB%B2%A8%EC%97%85/2651) **Official Translations:** [English](https://tapas.io/series/leveling-beyond-the-max/info), [T.Chinese](https://tw.kakaowebtoon.com/content/%E4%B8%80%E7%B4%9A%E6%AD%A6%E6%9E%97%E8%87%B3%E5%B0%8A/260), [Thai](https://page.kakao.com/content/67055648), [Japanese](https://jp.piccoma.com/web/product/93573)"
list3,18,The Heavenly Demon Lord Who Doesn’t Want to Level Up,Dewa Setan Surgawi yang Tidak Ingin Naik Level | Level Up-agi Sileun Cheonmanim | Rebereopagi Sileun Cheonmanim | The Heavenly Demon Doesn't Want to Level Up | The Heavenly Demon Who Doesn't Want to Level Up | Heavenly Demon Who Doesn’t Want to Level Up | 레벨업하기 싫은 천마님,"Action, Fantasy, Shounen","Comedy, Slice of Life",Murim,2023,2020,Manhwa,100 Chapters (Complete/Axed) **S1** : 45 Chapters (1\~45) **S2** : 55 Chapters (46\~ 100) Novel : 337 Chapters (Complete),"Inkhead, Park Joong-Ki, ProDefy, Shaynak",62,6.73,,AniList+Komiku+MangaUpdates,list3/18-the-heavenly-demon-lord-who-doesnt-want-to-level-up.jpg,"Komik ini mengisahkan tentang seorang penguasa iblis langit yang sudah mencapai puncak kekuatan, tetapi memilih untuk tidak meningkatkan levelnya lebih lanjut. Dia merasa hidup yang terlalu berorientasi pada peningkatan level dan kekuatan membuatnya kehilangan makna sebenarnya hidup dan kedamaian batin. Dengan kekuatan yang sudah luar biasa, dia menjalani kehidupan yang santai dan berusaha menemukan kebahagiaan sejati di dunia yang penuh konflik dan ambisi. Di tengah kisahnya, konflik dan konflik internal muncul ketika berbagai pihak mencoba memaksanya untuk terus berkembang demi kekuasaan. Namun, sang dewa setan tetap berpegang pada prinsipnya untuk tidak terbawa arus dan lebih mengutamakan kedamaian pikiran. Cerita ini menyajikan kisah unik tentang pencarian makna hidup lewat sudut pandang karakter yang kuat tetapi memilih jalannya sendiri tanpa harus bersaing tanpa henti.","Goryeo prince Jin Yuseong is a martial arts hero, but after losing his comrades, his loneliness drives him to walk through the palace's magic gate for a fresh start. Arriving in modern-day Seoul, he becomes an unexpected hero in a gate break mission, drawing the attention of the Safe Gate organization, who protect civilians from the gates. Eager to escape recruitment into SG, Yuseong disguises as the high school nephew of a former comrade, but will this be enough to outrun his fighter past? **Original Novel** [Kakao](https://page.kakao.com/content/54184726) **Original Webtoon:** [KakaoPage](https://page.kakao.com/content/62963853), [Daum](https://webtoon.kakao.com/content/%EB%A0%88%EB%B2%A8%EC%97%85%ED%95%98%EA%B8%B0-%EC%8B%AB%EC%9D%80-%EC%B2%9C%EB%A7%88%EB%8B%98/3797) **Official Translations:** [English](https://tapas.io/series/the-heavenly-demon-doesnt-want-to-level-up/info), [Japanese](https://jp.piccoma.com/web/product/163311), [S.Chinese](https://manga.bilibili.com/detail/mc37873)"
list3,19,The Heavenly Demon Destroys the Lich King’s Murim,Demon Surgawi Menghancurkan Murim Raja Lich | 天魔不死身の王を倒す！,"Action, Adventure, Fantasy, Martial Arts, Shounen",,"Cultivation, Easygoing Male Lead, Easygoing Protagonist, Magic, Murim, Strong Male Lead, Strong Protagonist",2021,2024,Manhwa,107 Chapters (Complete) S1: 61 Chapters (1-61) S2: 46 Chapters (62-107) Different artist for season 2,"Basestory, Cho Hyung Geun, Cho Jung-man, Yoo Junho",,5.93,,Komiku+MangaUpdates,list3/19-the-heavenly-demon-destroys-the-lich-kings-murim.png,"Komik ini mengisahkan petualangan seorang pendekar luar biasa yang bangkit kembali sebagai Demon Surgawi setelah kematian misteriusnya. Dengan kekuatan baru yang tak terkalahkan, ia memulai perjuangan untuk menghancurkan kekuasaan Raja Lich yang menguasai dunia Murim dengan cara kejam. Dalam perjalanan penuh bahaya dan pertarungan epik, sang Demon menghadapi berbagai musuh berbahaya dan berusaha mengembalikan kedamaian di dunia Murim. Cerita ini menampilkan perpaduan antara aksi yang intens dan strategi pertempuran yang cerdas, membuat pembaca terbawa dalam setiap langkah sang pahlawan.","An unknown voice disturbed me while I was levitating during my cultivation to reach the transcendent demonic state. My concentration had been broken, and I fell into an unconscious, overloaded state. When I awoke a month later, the Lich King had already taken control of the Murim. After the battle that ended with the destruction of the Heavenly Demon Cult, I awoke a hundred and forty years later in a Murim where magic and martial arts coexisted. **Original Webtoon:** [KakaoPage](https://page.kakao.com/content/57164369), [Daum](https://webtoon.kakao.com/content/%EC%B2%9C%EB%A7%88,%20%EB%A6%AC%EC%B9%98%EC%99%95%EC%9D%98%20%EB%AC%B4%EB%A6%BC%EB%A5%BC%20%EB%B6%80%EC%88%98%EB%8B%A4/2583) **Official Translations:** [Japanese](https://piccoma.com/web/product/95136), [S.Chinese](https://www.kuaikanmanhua.com/web/topic/12773/)"
list3,20,The Terminally Ill Young Master of the Baek Clan,Baek Clan's Terminally Ill Young Master | Baekssisega Sihanbu Gongja | Keluarga Baek dan Pewaris Muda Berpenyakit Kronis | Le Malade de la famille Baek | The Baek Clan's Sickly Young Master | 名家の病弱公子に転生した,"Action, Fantasy","Adventure, Drama, Martial Arts, Shounen",Art Style Change,2023,2021,Manhwa,Novel - 485 Chapters (Completed) Novel - Side-Story: 67 Chapters (Completed) Manhwa - 92 Chapters (Axed) **S1**: 45 Chapters (1-45) **S2**: 47 Chapters (46-92) ,"Bido, Danbak, Gwajang, Pisa Fulla",65,6.44,,AniList+Komiku+MangaUpdates,list3/20-the-terminally-ill-young-master-of-the-baek-clan.jpg,"Komik ini mengisahkan tentang seorang pewaris muda keluarga Baek yang menderita penyakit kronis serius. Meski menghadapi berbagai tantangan kesehatan, ia berusaha keras untuk membuktikan dirinya dan menjaga kehormatan keluarga. Dalam perjalanannya, dia menghadapi berbagai konflik internal dan eksternal yang menguji tekad serta kekuatan mentalnya. Seiring waktu berjalan, protagonis belajar untuk menerima kondisinya sambil menemukan arti sebenarnya dari kekuatan dan cinta. Kisah ini tidak hanya menyoroti perjuangan fisik, tetapi juga perjalanan emosional dan pertumbuhan karakter dalam menghadapi cobaan hidup yang berat.","Baek Yigang is a son of the Baek Clan, one of the seven great clans of Zhongyuan. Afflicted with the Taiyin Qi Blockage, he is cursed with a shortened lifespan and the inability to collect internal energy. He had been peacefully spending the rest of his days indoors when he was ambushed by a group of masked people. During the ambush, he lost his servant who was like a sister to him. Chased by the attackers, Baek Yigang escaped through a secret underground path. When he came across a blocked path, he decided he’d at least die fighting and picked up a rusted sword that was stuck in the ground… [Original Novel](https://series.naver.com/novel/detail.series?productNo=8174581) **Original Webtoon:** [Naver Webtoon](https://comic.naver.com/webtoon/list?titleId=814535), [Naver Series](https://series.naver.com/comic/detail.series?productNo=10044728) **Official Translations:** [Indonesian](https://www.webtoons.com/id/fantasy/the-baek-clans-sickly-young-master/list?title_no=5856), [S.Chinese](https://www.dongmanmanhua.cn/BOY/wulinshijiajuezhenggongzi/list?title_no=2676), [T.Chinese](https://www.webtoons.com/zh-hant/martial-arts/the-baek-clans-sickly-young-master/list?title_no=5891), [French](https://www.webtoons.com/fr/fantasy/the-baek-clans-sickly-young-master/list?title_no=6057), [Japanese](https://manga.line.me/product/periodic?id=Z0003309)"
list3,21,Surviving as a Genius on Borrowed Time,Bertahan Hidup sebagai Jenius dengan Waktu Pinjaman | Chronicles of a Doomed Prodigy | How a Terminally Ill Genius Survives | Sihanbu Cheonjaega Saranamneun Beop | Sobreviviendo como un genio con tiempo prestado | Thiên Tài Đoản Mệnh | 시한부 천재가 살아남는 법,"Action, Fantasy, Adventure, Martial Arts",Shounen,"Male Protagonist, Bold Male Lead, Cultivation, Elf, Elf/Ves, Fast Growth, Genius Male Lead, Illness, Martial Artist/S, Martial Arts",2024,2021,Manhwa,87 Chapters (Ongoing),"Cheongsiso, Jp, Noh Yae-won, Yoon Seung Gi",76,7.63,,AniList+Komiku+MangaUpdates,list3/21-surviving-as-a-genius-on-borrowed-time.jpg,"seorang tokoh utama yang diberikan kesempatan kedua untuk hidup dengan kecerdasan luar biasa setelah mengalami tragedi besar. Dengan kemampuan jeniusnya, dia mencoba mengubah nasib dan memecahkan berbagai masalah yang sebelumnya tidak bisa dia atasi. Namun, waktu yang dimilikinya sangat terbatas sehingga setiap langkah harus penuh pertimbangan. Dalam perjalanannya, tokoh utama menghadapi berbagai konflik mulai dari ancaman musuh hingga dilema moral yang menguji tekad dan integritasnya. Dia bertemu dengan sekutu dan lawan yang membentuk jalan cerita penuh ketegangan dan kejutan, sambil berusaha menemukan makna hidup dan memanfaatkan waktu pinjaman sebaik mungkin.","Gifted by the heavens yet cursed by fate, Yeonshin was born with unimaginable talent in martial arts. But this very gift condemned him to a life that would end before adulthood. With the right opportunities, he had the potential to become a legendary hero, or the reincarnation of the Heavenly Demon. Yet fate cast him into the third-rate Jeong Clan, a family of no particular renown. Now, with time slipping through his fingers, Yeonshin must find a way to defy his doomed destiny. **Original Novel:** [Munpia](https://novel.munpia.com/229405), [Naver Series](https://series.naver.com/novel/detail.nhn?productNo=5896155) **Original Webtoon:** [Naver Webtoon](https://comic.naver.com/webtoon/list.nhn?titleId=832703), [Naver Series](https://series.naver.com/comic/detail.series?productNo=11659054) **Official Translations:** [English](https://www.webtoons.com/en/action/chronicles-of-a-doomed-prodigy/list?title_no=7408), [T.Chinese](https://www.webtoons.com/zh-hant/martial-arts/chronicles-of-a-doomed-prodigy/list?title_no=7164), [Japanese](https://manga.line.me/product/periodic?id=Z0003704)"
list3,22,Phantom Spirit King,Demonic Spirit King | Ghost King | Gwiryeongwang | King of Ghosts | Raja Roh Hantu | 鬼靈王,"Action, Fantasy, Adventure, Drama, Martial Arts, Shounen",Supernatural,"Male Protagonist, Abuse, Academy, Arrogant Character/S, Arrogant Male Lead, Arrogant Protagonist, Assassin/S, Assassination/S, Blood And Gore, Cultivation",2021,2023,Manhwa,83 Chapters (Complete),"Lee Myungjin, Park JinSeok, Son Kofu",65,5.73,,AniList+Komiku+MangaUpdates,list3/22-phantom-spirit-king.jpg,"Phantom Spirit King mengisahkan seorang remaja yang secara tak sengaja terlibat dalam dunia roh setelah menemukan artefak kuno. Ia pun mendapatkan kemampuan supranatural untuk berkomunikasi dan mengendalikan roh, yang membawanya ke berbagai petualangan penuh misteri dan bahaya. Dalam perjalanan tersebut, ia harus menghadapi berbagai musuh dan mengungkap rahasia kelam tentang asal-usul kekuatannya. Sambil berusaha melindungi orang-orang yang dicintainya, ia juga belajar tentang tanggung jawab dan arti keberanian sejati dalam menghadapi dunia gaib yang penuh teka-teki.","What if the world was divided into people with martial arts powers and people without? Taeyeon Kang was one of the lucky few born with such powers. He enrolls in Murim Police University, a special school for those with powers to stand on the side of justice… but he has a secret of his own. He’s here to uncover the truth behind his father’s disappearance as well as seek protection from the Evil Murim Faction which is after his family’s secret book of martial arts techniques. At the same time, the legendary Ghost King makes his grand return, years after his mysterious disappearance. Just who is this masked anti-hero? In a world where the Murim world of the past continued on to modern day… After the killer ‘Phantom Spirit King’ disappeared without a trace, the Murim spent its days peacefully. One day, a drug that enhances the inner strength of Martial Artists appeared, and just in time, the ‘Phantom Spirit King’ who had disappeared showed himself. Then, the Murim that was peaceful plunged into the vortex of chaos once again.. **Original Webtoon:** [Naver Webtoon](https://comic.naver.com/webtoon/list?titleId=784837), [Naver Series](https://series.naver.com/comic/detail.series?productNo=6754777) **Official Translations:** [English](https://www.webtoons.com/en/action/ghost-king/list?title_no=4005), [S.Chinese](https://www.dongmanmanhua.cn/BOY/guilingwang/list?title_no=2007), [French](https://www.webtoons.com/fr/action/ghost-king/list?title_no=3674), [German](https://www.webtoons.com/de/action/ghost-king/list?title_no=4574), [Japanese](https://manga.line.me/product/periodic?id=Z0001776)"
list3,23,I Am Reborn as the Sword God,Binguigeomsin | He reencarnado como el Dios de la Espada | I Am Possessed by the Sword God | I Am Reborn as the Sword Master | Me Tornando o Deus da Espada | Reborn as Sword God | La Renaissance d'un maître épéiste | 憑依剣神,"Action, Fantasy, Adventure, Drama, Martial Arts, Shounen","Ecchi, Isekai","Time Rewind, Transmigration",2022,2022,Manhwa,92 Chapters (Complete) S1 : 1-58 [Completed] S2 : 59-95 [Completed],"256, Seo Jun-baek, Seo Jun-baek , Yoo Jung-kwan, Yoo Jung-kwan",59,6.47,,AniList+BacaKomik+MangaUpdates,list3/23-i-am-reborn-as-the-sword-god.jpg,"Aku mencapai kehidupan nyamanku sebagai pegawai negeri kelas tujuh dengan melalui banyak kesulitan dan malam-malam tanpa listrik, jadi aku menantikan akhir pekan di mana aku bisa bersantai dan bersenang-senang, tapi malam itu… Apakah ini Baek Rijin, tokoh utama novel? Ketika saya sadar kembali, saya menemukan bahwa saya berada di novel yang sedang saya baca. Apakah pegawai negeri sipil kelas tujuh sepertiku menjadi tuan muda manja dari keluarga besar Jaegal?! Karakter sampingan, yang telah menerima investasi dan cinta berlebihan sejak dia masih muda, dan sekarang sedang melalui masa badai dalam hidupnya… Tuan muda manja dari Keluarga Jaegal, yang akan dimusnahkan oleh Blood Demon Cult sepuluh tahun kemudian! ? ? ?","I achieved my cozy life of a seventh-grade civil servant by through a lot of hardships and nights of blacking out, so I was looking forward to the weekends where I could relax and have fun, but that night… Is this Baek Rijin, the main character of the novel? When I returned to my senses, I discovered I was in the novel I was reading. Did a seventh-grade civil servant like me became the spoiled young master of the great Jaegal family?! A side character, who has received excessive investments and love since he was young, and now going through a stormy period of his life… The spoiled young master of the Jaegal Family, whom the Blood Demon Cult would annihilate ten years later ! ? ? ? **Original Webtoon:** [KakaoPage](https://page.kakao.com/content/59742611), [Daum](https://webtoon.kakao.com/content/%EB%B9%99%EC%9D%98%EA%B2%80%EC%8B%A0/2983) **Official Translations:** [S.Chinese](https://www.kuaikanmanhua.com/web/topic/15020), [Japanese](https://jp.piccoma.com/web/product/123186)"
list3,24,Heavenly Demon Wants to Be a Chef,Iblis Surgawi Ingin Jadi Koki | The Heavenly Demon Wants to Be a Chef | Yorisaga Doego Sipeun Cheonmanim | 요리사가 되고 싶은 천마님,"Fantasy, Action","Comedy, Cooking, Martial Arts, Reincarnation, Shounen","Adopted Male Lead, Adopted Protagonist, Based On A Novel, Black-Haired Male Lead, Black-Haired Protagonist, Cooking, Dead Family Member/S, Food/Gourmet, Hunter/S, Male Protagonist",2024,2020,Manhwa,83 Chapters (Complete),"Chunsam, Couple Studio, Jeomdori, Philnar",53,6.18,,AniList+Komiku+MangaUpdates,list3/24-heavenly-demon-wants-to-be-a-chef.jpg,"Cerita ini mengikuti seorang mantan iblis jahat yang memutuskan untuk meninggalkan kehidupannya yang penuh kekerasan dan mengejar mimpinya menjadi seorang koki terkenal. Setelah mengalami pengkhianatan di dunia iblis, dia menemukan kedamaian dan motivasi baru di dunia manusia, khususnya di dapur yang penuh tantangan dan persaingan. Dalam perjalanan barunya, dia menghadapi berbagai rintangan termasuk prasangka dari sesama manusia, saingan yang ambisius, dan situasi sulit yang menguji keterampilan memasaknya. Namun, dengan tekad kuat dan bakat luar biasa, dia perlahan membuktikan bahwa perubahan dan mimpi besar bisa terwujud meski dari latar belakang yang gelap sekalipun.","Due to a gate related accident, Woojin regains the memories of his past life… a life as the Heavenly Demon, ruler of China! However, as the Heavenly Demon, there was a dream he never managed to achieve. Now, in this life, he’ll do whatever it costs to fulfil his lifelong dream of becoming a chef! This is the legendary (?) story of Cheon Woojin, the former Heavenly Demon, chasing his dreams! [Original Novel](https://series.naver.com/novel/detail.series?productNo=9105740) **Original Webtoon:** [Naver Webtoon](https://comic.naver.com/webtoon/list?titleId=823536), [Naver Series](https://series.naver.com/comic/detail.series?productNo=10959285)"
list3,25,Villain Unrivaled,Akyeokmussang | Penjahat Tanpa Tanding | The Unrivaled Villain | The Villain Is Unparalleled | The Villainous Warrior | Villainously Peerless | 惡役無雙,"Action, Fantasy, Drama, Historical, Martial Arts, Shounen",,"Male Protagonist, Antihero / Antiheroine, Author Becomes Character They Created, Author Transmigrated To Their Own Creation, Author Transported To Their Own Creation, Axed/Cancelled/Discontinued, Blacksmith/S, Changing Fate, Cunning Male Lead, Demonic Cultivation Technique/S",2022,2025,Manhwa,80 Chapters (Cancelled) S1: 60 Chapters (1\~60) S2: 20 Chapters (61\~80),"Geumgae, Haek Yeong, Seo Hyun Jin",68,7,,AniList+Komiku+MangaUpdates,list3/25-villain-unrivaled.jpg,"Villain Unrivaled mengisahkan perjuangan seorang pria yang dikenal sebagai musuh paling kuat di dunia. Setelah mengalami pengkhianatan hebat, dia bertekad untuk membangun kembali kekuatannya dan membalas dendam pada mereka yang menjatuhkannya. Dalam setiap langkahnya, dia menghadapi berbagai tantangan dan musuh yang tak kalah kuat, menguji batas kemampuan dan tekadnya. Dalam perjalanan ini, dia tidak hanya bertarung dengan fisik tetapi juga intrik dan strategi untuk mengalahkan lawan-lawannya. Cerita ini menonjolkan sisi gelap perjuangan seorang villain yang tidak hanya ingin menang, tetapi juga mengukir namanya sebagai yang terkuat dan tak terkalahkan dalam dunia penuh bahaya dan persaingan sengit.","Heli Yun, notorious degenerate, shocks everyone by suddenly turning from his lowlife ways. No one realizes he's been possessed by Lee Siwoon, the author of Heli's story! Trapped in the martial arts novel he wrote, Heli knows that unless he gains power, he's headed for a villain's death. Armed with knowledge about the novel's world, Heli sets out on a quest to gather friends and past enemies to create a martial arts force strong enough to defy the fate he was given... or literally die trying. **Original Novel**: [KakaoPage](https://page.kakao.com/content/53139006), [Naver Series](https://series.naver.com/novel/detail.series?productNo=5137260&isWebtoonAgreePopUp=true), [RIDI](https://ridibooks.com/books/2155013346), [Joara](https://www.joara.com/book/1458619) **Original Webtoon:** [KakaoPage](https://page.kakao.com/content/60297218), [MrBlue](https://www.mrblue.com/webtoon/wt_000075628), [Naver Series](https://series.naver.com/comic/detail.series?productNo=13767139) **Official Translations:** [English](https://tapas.io/series/the-unrivaled-villain/info), [Japanese](https://jp.piccoma.com/web/product/130267), [T.Chinese](https://mojoin.com/comics/198)"
